PLAYER_ID,PLAYER_NAME,PLAYER_POSITION,TEAM_ID,TEAM_ABBREVIATION,GP,MIN,FAN_DUEL_PTS,NBA_FANTASY_PTS,PTS,REB,AST,BLK,STL,TOV,FG3M,FGA,FG_PCT,FTA,FT_PCT
203999,Nikola Jokic,C,1610612743,DEN,58,35.4,53.7,55.8,26.4,11.0,8.7,0.66,1.41,3.1,1.4,18.3,0.568,5.0,0.854
203507,Giannis Antetokounmpo,F,1610612749,MIL,49,33.8,52.2,54.7,28.5,11.3,6.0,1.27,1.16,3.7,1.1,18.3,0.564,10.0,0.683
201935,James Harden,G,1610612751,BKN,42,37.1,50.8,52.7,25.2,8.0,10.9,0.69,1.19,4.1,2.8,17.2,0.463,7.5,0.87
1629029,Luka Doncic,F-G,1610612742,DAL,53,35.1,50.3,52.0,28.7,8.0,8.7,0.64,1.02,4.3,3.0,21.0,0.484,7.4,0.726
203954,Joel Embiid,C-F,1610612755,PHI,41,32.1,49.7,52.1,30.0,11.1,3.1,1.41,1.0,3.2,1.2,18.4,0.513,11.7,0.851
201566,Russell Westbrook,G,1610612764,WAS,51,35.6,49.6,51.3,21.6,11.1,10.9,0.35,1.33,5.1,1.3,18.9,0.436,6.3,0.62
2544,LeBron James,F,1610612747,LAL,41,33.9,46.2,47.9,25.4,7.9,7.9,0.59,1.05,3.7,2.4,18.4,0.513,5.8,0.703
201939,Stephen Curry,G,1610612744,GSW,51,34.0,45.9,47.3,31.1,5.5,5.9,0.12,1.2,3.3,5.1,21.0,0.486,6.0,0.922
1626157,Karl-Anthony Towns,C-F,1610612750,MIN,38,34.2,45.9,48.0,24.8,10.9,4.6,1.42,0.71,3.2,2.5,17.6,0.49,5.8,0.874
203944,Julius Randle,F-C,1610612752,NYK,59,37.5,44.6,45.9,23.9,10.5,6.1,0.25,0.98,3.5,2.2,18.3,0.46,6.1,0.807
202696,Nikola Vucevic,C,1610612741,CHI,60,33.4,44.5,46.2,23.9,11.3,3.7,0.68,0.98,1.8,2.6,19.9,0.487,2.4,0.837
203081,Damian Lillard,G,1610612757,POR,53,35.9,44.2,45.4,28.6,4.2,7.6,0.26,0.91,3.2,4.0,20.2,0.439,7.4,0.926
202681,Kyrie Irving,G,1610612751,BKN,43,35.2,43.9,45.9,27.4,4.8,6.2,0.6,1.3,2.4,2.7,20.4,0.513,4.1,0.916
203078,Bradley Beal,G,1610612764,WAS,49,35.4,43.7,45.3,31.0,4.8,4.7,0.35,1.2,3.2,2.2,22.6,0.482,7.8,0.898
202710,Jimmy Butler,F,1610612748,MIA,42,33.8,43.7,46.2,21.4,7.2,7.3,0.38,2.07,2.1,0.5,14.4,0.494,7.9,0.855
202695,Kawhi Leonard,F,1610612746,LAC,46,34.4,43.6,45.7,25.7,6.7,5.1,0.43,1.67,2.0,2.0,18.2,0.516,5.7,0.878
201142,Kevin Durant,F,1610612751,BKN,24,32.7,43.2,45.0,27.3,6.7,5.2,1.29,0.58,3.7,2.5,17.1,0.543,7.0,0.87
1627734,Domantas Sabonis,F-C,1610612754,IND,53,35.7,42.8,44.5,19.9,11.6,6.0,0.55,1.13,3.4,0.8,14.4,0.52,5.6,0.731
1629027,Trae Young,G,1610612737,ATL,54,34.2,42.3,43.4,25.3,3.9,9.6,0.2,0.89,4.2,2.3,17.8,0.429,8.8,0.874
1629627,Zion Williamson,F,1610612740,NOP,54,32.9,41.5,43.0,26.9,7.2,3.6,0.67,0.91,2.6,0.2,16.7,0.618,8.5,0.704
1628369,Jayson Tatum,F-G,1610612738,BOS,53,35.6,41.5,43.1,25.5,7.3,4.4,0.42,1.21,2.6,2.8,20.3,0.453,4.9,0.877
1628368,De'Aaron Fox,G,1610612758,SAC,58,35.1,41.1,43.1,25.2,3.5,7.2,0.47,1.5,3.0,1.8,19.1,0.477,7.2,0.719
203076,Anthony Davis,F-C,1610612747,LAL,24,32.2,40.3,43.4,21.8,8.2,3.0,1.75,1.33,1.9,0.7,16.4,0.524,5.5,0.705
203897,Zach LaVine,G-F,1610612741,CHI,53,35.2,40.2,41.6,27.5,5.1,5.1,0.51,0.81,3.6,3.4,19.4,0.506,5.2,0.848
1628389,Bam Adebayo,C-F,1610612748,MIA,52,33.4,39.7,41.8,19.1,9.3,5.2,1.12,1.02,2.7,0.0,12.7,0.568,5.7,0.805
202331,Paul George,F,1610612746,LAC,45,33.6,39.7,41.4,23.8,6.4,5.4,0.47,1.2,3.2,3.3,17.6,0.483,4.0,0.885
1628378,Donovan Mitchell,G,1610612762,UTA,53,33.4,39.3,40.6,26.4,4.4,5.2,0.28,0.98,2.8,3.4,20.6,0.438,6.0,0.845
203991,Clint Capela,C,1610612737,ATL,52,30.5,39.2,42.2,15.7,14.7,0.8,2.19,0.73,1.2,0.0,11.3,0.604,3.7,0.579
1628983,Shai Gilgeous-Alexander,G-F,1610612760,OKC,35,33.7,38.1,39.5,23.7,4.7,5.9,0.66,0.77,3.0,2.0,16.1,0.508,6.5,0.808
1627783,Pascal Siakam,F,1610612761,TOR,47,35.6,38.1,40.0,20.9,7.2,4.7,0.72,1.11,2.1,1.2,16.6,0.454,5.6,0.839
203497,Rudy Gobert,C,1610612762,UTA,58,31.0,37.9,41.2,14.5,13.6,1.3,2.83,0.53,1.6,0.0,8.2,0.673,5.6,0.615
1627742,Brandon Ingram,F,1610612740,NOP,54,34.5,37.7,39.0,24.3,4.9,4.9,0.65,0.7,2.5,2.4,18.2,0.471,5.4,0.887
201942,DeMar DeRozan,G-F,1610612759,SAS,49,33.9,37.4,38.5,21.0,4.4,7.1,0.27,0.88,1.9,0.4,14.8,0.492,6.9,0.879
1627759,Jaylen Brown,G-F,1610612738,BOS,53,34.2,37.3,39.1,24.5,5.8,3.4,0.55,1.21,2.7,2.7,18.8,0.496,4.2,0.754
203083,Andre Drummond,C,1610612747,LAL,33,28.0,37.2,39.8,16.1,12.7,2.4,1.09,1.58,3.1,0.0,13.8,0.473,4.9,0.617
203468,CJ McCollum,G,1610612757,POR,33,33.8,37.1,38.7,23.2,4.1,4.8,0.48,1.12,1.4,3.7,19.4,0.444,2.8,0.815
1627763,Malcolm Brogdon,G,1610612754,IND,52,35.1,37.0,38.2,21.5,5.2,6.0,0.25,0.94,2.1,2.7,17.8,0.455,3.1,0.863
1626174,Christian Wood,F,1610612745,HOU,36,31.9,36.7,38.9,20.9,9.3,1.5,1.25,0.89,1.8,1.8,15.3,0.529,4.6,0.628
1627832,Fred VanVleet,G,1610612761,TOR,46,36.1,36.6,39.1,19.4,4.1,6.1,0.78,1.7,1.9,3.3,16.3,0.391,3.8,0.886
204001,Kristaps Porzingis,F-C,1610612742,DAL,39,31.4,36.6,38.5,20.4,9.3,1.6,1.46,0.49,1.3,2.2,16.1,0.474,3.4,0.85
202699,Tobias Harris,F,1610612755,PHI,50,33.2,36.1,37.9,20.4,7.1,3.7,0.86,0.9,1.8,1.4,15.3,0.52,3.5,0.887
1626164,Devin Booker,G,1610612756,PHX,55,33.6,36.1,37.2,25.1,4.2,4.5,0.27,0.89,3.2,1.9,19.1,0.482,5.6,0.86
1627732,Ben Simmons,G-F,1610612755,PHI,48,33.3,35.9,38.1,14.8,7.6,7.1,0.65,1.6,3.3,0.1,10.4,0.545,5.5,0.615
101108,Chris Paul,G,1610612756,PHX,58,31.7,35.9,37.6,16.0,4.7,8.8,0.21,1.45,2.1,1.4,12.5,0.487,2.6,0.927
203114,Khris Middleton,F,1610612749,MIL,56,33.5,35.7,37.0,20.3,6.0,5.6,0.16,1.14,2.7,2.2,15.7,0.481,3.4,0.889
202685,Jonas Valanciunas,C,1610612763,MEM,50,28.0,35.7,36.9,17.0,12.6,1.8,0.74,0.52,1.7,0.3,12.1,0.58,3.4,0.774
202322,John Wall,G,1610612745,HOU,39,32.0,34.4,36.2,20.4,3.2,6.7,0.74,1.05,3.5,2.0,18.1,0.403,5.2,0.743
1627750,Jamal Murray,G,1610612743,DEN,48,35.5,34.2,35.8,21.2,4.0,4.8,0.27,1.33,2.3,2.7,16.5,0.477,3.2,0.869
200768,Kyle Lowry,G,1610612761,TOR,41,34.6,34.1,35.4,17.0,5.5,7.2,0.24,1.05,2.9,2.7,12.9,0.435,3.6,0.877
1629012,Collin Sexton,G,1610612739,CLE,49,35.7,34.0,35.3,24.4,3.0,4.1,0.14,1.1,2.6,1.6,18.4,0.485,6.0,0.818
203924,Jerami Grant,F,1610612765,DET,51,34.2,33.9,35.6,22.5,4.6,2.9,1.08,0.69,2.0,2.2,17.3,0.43,6.3,0.854
202330,Gordon Hayward,F,1610612766,CHA,44,34.0,33.8,35.3,19.6,5.9,4.1,0.32,1.18,2.1,1.9,15.0,0.473,4.2,0.843
203506,Victor Oladipo,G,1610612748,MIA,33,32.7,33.6,35.4,19.8,4.8,4.6,0.42,1.39,2.5,2.4,17.5,0.408,4.2,0.754
1629630,Ja Morant,G,1610612763,MEM,49,32.1,33.5,34.6,19.1,3.7,7.3,0.18,0.88,3.1,1.1,15.3,0.451,5.9,0.728
201950,Jrue Holiday,G,1610612749,MIL,46,32.0,33.5,35.7,17.2,4.5,5.6,0.52,1.74,2.1,1.9,13.5,0.504,2.0,0.83
1627749,Dejounte Murray,G,1610612759,SAS,55,31.6,33.3,35.0,15.5,6.9,5.3,0.11,1.55,1.7,1.0,14.3,0.451,2.0,0.791
1630163,LaMelo Ball,G,1610612766,CHA,41,28.6,33.2,35.1,15.9,5.9,6.1,0.34,1.59,2.8,2.0,12.8,0.451,3.0,0.789
1627747,Caris LeVert,G,1610612754,IND,34,30.9,33.1,35.1,18.5,4.5,4.8,0.53,1.47,2.0,1.7,16.5,0.431,3.2,0.8
1626179,Terry Rozier,G,1610612766,CHA,55,34.0,32.9,34.6,20.5,4.3,3.9,0.4,1.27,1.9,3.3,16.0,0.465,2.8,0.819
1628991,Jaren Jackson Jr.,F-C,1610612763,MEM,1,18.0,32.6,36.6,15.0,8.0,0.0,4.0,0.0,0.0,1.0,11.0,0.364,6.0,1.0
1629028,Deandre Ayton,C,1610612756,PHX,59,30.7,31.6,33.3,15.0,10.7,1.4,1.14,0.54,1.6,0.1,10.4,0.623,2.6,0.77
202689,Kemba Walker,G,1610612738,BOS,38,31.5,31.0,32.4,18.2,3.9,5.0,0.29,1.08,2.1,2.8,15.3,0.409,3.1,0.932
1628381,John Collins,F-C,1610612737,ATL,50,29.9,30.9,32.4,17.8,7.7,1.4,1.0,0.5,1.2,1.2,12.7,0.546,3.2,0.84
1626158,Richaun Holmes,F,1610612758,SAC,50,30.0,30.8,33.1,14.1,8.9,1.7,1.64,0.68,1.2,0.0,9.3,0.641,2.8,0.797
201144,Mike Conley,G,1610612762,UTA,47,29.7,30.3,31.8,16.2,3.4,5.9,0.17,1.34,1.9,2.7,12.5,0.447,2.7,0.857
1629008,Michael Porter Jr.,F,1610612743,DEN,48,30.9,30.3,31.8,17.6,7.7,1.0,0.92,0.6,1.1,2.4,12.6,0.541,2.1,0.772
201143,Al Horford,C-F,1610612760,OKC,28,27.9,29.9,31.7,14.2,6.7,3.4,0.93,0.89,1.0,2.0,12.9,0.45,0.8,0.818
1626156,D'Angelo Russell,G,1610612750,MIN,30,27.6,29.8,31.3,19.2,2.5,5.1,0.43,1.0,2.8,2.9,15.4,0.441,3.3,0.8
1628386,Jarrett Allen,C,1610612739,CLE,49,28.9,29.7,31.7,12.9,9.9,1.6,1.57,0.47,1.5,0.1,7.4,0.63,4.7,0.714
203084,Harrison Barnes,F,1610612758,SAC,56,36.4,29.5,30.4,15.9,6.6,3.5,0.18,0.77,1.6,1.6,11.0,0.494,4.1,0.827
1628366,Lonzo Ball,G,1610612740,NOP,45,31.0,29.3,31.2,13.8,4.2,5.7,0.58,1.38,2.0,3.0,12.1,0.416,1.1,0.792
203110,Draymond Green,F,1610612744,GSW,51,30.8,29.2,31.7,6.7,6.5,8.5,0.76,1.67,2.9,0.5,6.1,0.418,1.3,0.779
203952,Andrew Wiggins,F,1610612744,GSW,59,32.9,29.2,31.1,18.1,4.8,2.3,0.95,0.97,1.8,2.0,14.5,0.472,3.5,0.701
202683,Enes Kanter,C,1610612757,POR,58,26.2,29.0,30.1,11.9,11.6,1.3,0.71,0.48,1.2,0.0,8.2,0.613,2.4,0.782
1626167,Myles Turner,C-F,1610612754,IND,47,31.0,29.0,33.2,12.6,6.5,1.0,3.38,0.85,1.4,1.5,9.2,0.477,3.0,0.782
1629636,Darius Garland,G,1610612739,CLE,48,33.5,28.9,30.2,17.4,2.4,6.0,0.13,1.19,3.0,2.0,14.8,0.45,2.4,0.845
1627736,Malik Beasley,G,1610612750,MIN,37,32.8,28.8,29.8,19.6,4.4,2.4,0.19,0.81,1.6,3.5,16.2,0.44,2.2,0.85
1629628,RJ Barrett,F-G,1610612752,NYK,60,34.3,28.6,29.6,17.4,5.6,2.9,0.27,0.75,2.0,1.5,14.6,0.446,3.9,0.74
1630162,Anthony Edwards,G,1610612750,MIN,60,31.3,28.4,29.9,18.3,4.3,2.7,0.42,1.12,2.1,2.3,16.5,0.4,3.5,0.788
1629645,Kevin Porter Jr.,G-F,1610612745,HOU,21,31.6,28.3,29.4,15.5,3.8,6.2,0.33,0.81,3.4,1.7,13.6,0.421,3.2,0.746
203471,Dennis Schroder,G,1610612747,LAL,55,31.9,28.2,29.7,15.6,3.5,5.6,0.24,1.18,2.7,1.1,12.3,0.439,4.3,0.843
203935,Marcus Smart,G,1610612738,BOS,39,32.7,28.1,30.0,13.4,3.4,5.6,0.49,1.46,1.7,2.0,10.5,0.409,3.6,0.786
203486,Mason Plumlee,F-C,1610612765,DET,53,26.9,28.0,29.6,10.2,9.2,3.6,0.85,0.79,1.9,0.0,6.7,0.605,3.1,0.671
203095,Evan Fournier,G-F,1610612738,BOS,30,30.0,27.9,29.4,18.6,2.7,3.4,0.4,1.07,1.9,2.8,13.6,0.457,4.2,0.795
203937,Kyle Anderson,F-G,1610612763,MEM,55,27.5,27.7,29.8,12.2,5.9,3.7,0.82,1.25,1.2,1.3,9.6,0.46,2.6,0.782
1628384,OG Anunoby,F,1610612761,TOR,38,33.0,27.5,29.8,15.1,5.6,2.0,0.74,1.55,1.8,2.3,11.4,0.476,2.4,0.778
1627741,Buddy Hield,G,1610612758,SAC,58,34.3,27.4,28.6,16.6,4.5,3.1,0.4,0.83,1.7,4.0,14.1,0.404,1.5,0.837
1628449,Chris Boucher,F-C,1610612761,TOR,59,24.0,27.4,29.8,13.6,6.7,1.1,1.86,0.58,0.8,1.5,9.2,0.519,3.2,0.787
201152,Thaddeus Young,F,1610612741,CHI,55,24.1,27.4,29.1,12.3,6.2,4.1,0.58,1.15,2.0,0.2,9.6,0.578,1.5,0.635
1626162,Kelly Oubre Jr.,F-G,1610612744,GSW,52,30.8,26.8,28.6,15.3,6.0,1.3,0.77,1.02,1.3,1.6,13.1,0.439,3.1,0.71
203932,Aaron Gordon,F,1610612743,DEN,38,28.6,26.7,28.2,13.3,6.1,3.7,0.74,0.71,2.2,1.4,10.5,0.46,3.4,0.651
1629631,De'Andre Hunter,F-G,1610612737,ATL,20,31.2,26.7,28.1,16.0,5.1,2.1,0.5,0.9,1.4,1.6,11.2,0.502,3.8,0.867
1626181,Norman Powell,G,1610612757,POR,56,31.4,26.5,28.0,19.1,3.0,1.8,0.25,1.23,1.9,2.6,13.4,0.485,4.0,0.865
1628401,Derrick White,G,1610612759,SAS,34,29.6,26.4,28.2,15.4,2.9,3.6,1.03,0.71,1.3,2.4,12.6,0.407,3.2,0.852
1628976,Wendell Carter Jr.,C-F,1610612753,ORL,45,25.7,26.3,27.8,11.9,8.1,2.0,0.8,0.73,1.5,0.3,8.4,0.534,3.6,0.731
1629639,Tyler Herro,G,1610612748,MIA,47,31.0,26.3,27.4,15.0,4.9,3.4,0.36,0.72,1.9,1.9,13.1,0.426,2.3,0.809
1630169,Tyrese Haliburton,G,1610612758,SAC,53,29.8,25.9,27.8,12.6,3.0,5.1,0.51,1.3,1.5,2.1,10.3,0.472,0.9,0.84
203903,Jordan Clarkson,G,1610612762,UTA,55,26.0,25.8,26.8,17.5,4.0,2.1,0.15,0.85,1.7,3.0,15.1,0.424,1.8,0.949
1628984,Devonte' Graham,G,1610612766,CHA,46,29.7,25.7,26.8,14.1,2.7,5.2,0.09,0.98,1.5,3.1,11.9,0.375,2.5,0.817
1629023,P.J. Washington,F,1610612766,CHA,51,29.3,25.7,28.0,11.9,6.3,2.6,1.31,0.96,2.1,1.5,9.9,0.431,2.4,0.769
1629632,Coby White,G,1610612741,CHI,56,30.6,25.5,26.3,14.5,4.1,4.5,0.2,0.54,2.1,2.1,12.7,0.412,2.1,0.913
1626204,Larry Nance Jr.,F-C,1610612739,CLE,33,31.6,25.3,27.6,9.6,6.7,3.0,0.52,1.82,1.5,1.2,7.8,0.482,1.4,0.617
1628418,Thomas Bryant,C-F,1610612764,WAS,10,27.1,25.2,26.4,14.3,6.1,1.5,0.8,0.4,1.1,0.9,9.1,0.648,2.4,0.667
1626149,Montrezl Harrell,F-C,1610612747,LAL,59,24.0,25.2,26.6,13.9,6.6,1.1,0.73,0.68,1.1,0.0,9.1,0.62,3.7,0.713
1628415,Dillon Brooks,G-F,1610612763,MEM,53,29.4,25.0,26.5,16.6,2.9,2.4,0.36,1.19,1.8,1.9,15.1,0.416,2.6,0.835
1628365,Markelle Fultz,G,1610612753,ORL,8,26.9,24.9,26.2,12.9,3.1,5.4,0.25,1.0,2.3,0.5,13.0,0.394,2.4,0.895
1628963,Marvin Bagley III,F,1610612758,SAC,37,25.7,24.9,25.9,13.9,7.4,0.9,0.51,0.49,1.3,0.9,11.2,0.502,2.9,0.56
203994,Jusuf Nurkic,C,1610612757,POR,23,22.8,24.8,26.7,9.3,7.4,3.3,0.91,0.96,2.0,0.3,7.8,0.475,2.5,0.603
203992,Bogdan Bogdanovic,G,1610612737,ATL,34,28.4,24.7,25.9,14.5,3.7,3.0,0.26,0.91,1.2,2.9,12.0,0.452,0.9,0.906
204456,T.J. McConnell,G,1610612754,IND,55,25.7,24.6,26.6,8.3,3.6,6.5,0.33,1.71,1.9,0.2,6.7,0.573,0.6,0.618
203482,Kelly Olynyk,F-C,1610612745,HOU,58,27.8,24.6,26.1,11.9,6.5,2.2,0.6,0.93,1.5,1.8,9.3,0.481,1.4,0.807
203082,Terrence Ross,G-F,1610612753,ORL,46,29.3,24.6,26.1,15.6,3.4,2.3,0.46,1.02,1.6,1.9,13.4,0.412,3.0,0.87
1628969,Mikal Bridges,F,1610612756,PHX,59,32.5,24.5,26.3,13.1,4.4,2.2,0.86,0.95,0.8,1.8,9.3,0.526,1.8,0.829
201569,Eric Gordon,G,1610612745,HOU,27,29.2,24.4,25.4,17.8,2.1,2.6,0.48,0.52,1.9,2.6,13.6,0.433,4.2,0.825
1629647,Darius Bazley,F-G,1610612760,OKC,43,31.1,24.4,25.4,13.0,7.4,1.6,0.56,0.49,2.0,1.5,12.1,0.399,2.6,0.726
1627751,Jakob Poeltl,C,1610612759,SAS,57,26.1,24.3,26.7,8.5,8.1,1.8,1.74,0.63,1.3,0.0,6.1,0.632,1.8,0.466
1629640,Keldon Johnson,F-G,1610612759,SAS,55,28.5,23.9,24.9,12.7,6.4,1.7,0.44,0.58,1.1,0.9,10.2,0.479,2.8,0.727
200746,LaMarcus Aldridge,C-F,1610612751,BKN,26,25.9,23.9,25.4,13.5,4.5,1.9,1.12,0.42,1.0,1.2,11.4,0.473,1.8,0.872
203496,Robert Covington,F,1610612757,POR,56,32.0,23.8,26.5,8.9,6.6,1.6,1.23,1.52,1.1,2.0,7.4,0.418,0.9,0.816
1630175,Cole Anthony,G,1610612753,ORL,34,26.7,23.7,24.8,11.6,4.5,4.2,0.44,0.68,1.9,1.1,11.2,0.387,2.4,0.825
203115,Will Barton,G,1610612743,DEN,55,31.5,23.7,25.0,12.9,4.1,3.3,0.42,0.91,1.7,1.8,11.1,0.426,2.2,0.785
201565,Derrick Rose,G,1610612752,NYK,39,24.5,23.7,25.2,13.7,2.2,4.0,0.44,1.03,1.5,0.9,11.9,0.443,2.6,0.842
204060,Joe Ingles,F-G,1610612762,UTA,54,27.2,23.6,24.5,12.4,3.7,4.4,0.2,0.7,1.6,2.9,8.0,0.525,1.3,0.857
1628398,Kyle Kuzma,F,1610612747,LAL,56,28.4,23.6,24.6,12.8,6.5,1.8,0.55,0.5,1.8,2.0,11.4,0.436,1.4,0.675
1626153,Delon Wright,G,1610612758,SAC,50,26.8,23.5,25.4,9.7,4.0,4.2,0.4,1.5,1.1,0.9,7.6,0.46,2.3,0.814
201937,Ricky Rubio,G,1610612750,MIN,56,26.3,23.5,24.9,8.4,3.2,6.7,0.05,1.41,1.8,0.9,7.2,0.38,2.4,0.856
1628404,Josh Hart,G,1610612740,NOP,47,28.7,23.4,24.5,9.2,8.0,2.3,0.26,0.81,1.0,1.3,7.3,0.439,1.9,0.775
1629057,Robert Williams III,C-F,1610612738,BOS,47,18.9,23.4,26.0,8.2,7.0,1.8,1.79,0.83,1.0,0.0,5.1,0.72,1.4,0.646
203500,Steven Adams,C,1610612740,NOP,55,27.9,23.3,24.9,7.8,9.0,1.9,0.67,0.91,1.4,0.0,5.5,0.62,2.4,0.45
201586,Serge Ibaka,F,1610612746,LAC,39,23.6,23.3,24.7,10.9,6.7,1.7,1.18,0.23,1.1,1.0,8.9,0.507,1.2,0.822
1629634,Brandon Clarke,F,1610612763,MEM,47,25.2,23.3,25.1,11.0,5.5,1.7,0.83,1.04,0.6,0.4,8.9,0.518,2.0,0.667
201609,Goran Dragic,G,1610612748,MIA,39,26.5,23.3,24.2,13.2,3.5,4.4,0.18,0.67,2.5,1.7,10.8,0.436,2.6,0.814
1628989,Kevin Huerter,G-F,1610612737,ATL,59,31.3,23.2,24.6,12.2,3.4,3.5,0.25,1.17,1.2,2.1,10.7,0.433,1.0,0.793
1630256,Jae'Sean Tate,F,1610612745,HOU,59,29.0,23.2,25.0,11.0,5.4,2.2,0.58,1.22,1.2,0.8,8.6,0.516,1.9,0.735
1629011,Mitchell Robinson,C-F,1610612752,NYK,31,27.5,23.2,25.7,8.3,8.1,0.5,1.45,1.13,0.8,0.0,5.7,0.653,1.7,0.491
201567,Kevin Love,F-C,1610612739,CLE,15,22.5,23.1,23.7,11.7,6.6,2.3,0.13,0.53,1.3,2.1,9.9,0.403,2.2,0.758
1629060,Rui Hachimura,F,1610612764,WAS,47,31.7,23.1,24.0,13.5,5.7,1.5,0.09,0.83,1.3,0.8,11.2,0.467,3.0,0.759
1628978,Donte DiVincenzo,G,1610612749,MIL,54,27.5,23.1,24.4,10.4,5.6,3.2,0.17,1.13,1.4,2.0,9.3,0.414,1.0,0.732
1626171,Bobby Portis,F,1610612749,MIL,54,21.2,23.0,24.1,11.4,7.0,1.1,0.41,0.76,0.9,1.2,9.0,0.528,1.0,0.75
1628970,Miles Bridges,F,1610612766,CHA,58,28.3,22.9,24.3,11.5,6.0,2.1,0.74,0.66,1.7,1.6,8.6,0.502,1.5,0.852
1628367,Josh Jackson,G-F,1610612765,DET,55,25.0,22.8,24.4,13.7,4.1,2.1,0.73,0.87,2.2,1.3,11.5,0.431,3.4,0.725
1628374,Lauri Markkanen,F-C,1610612741,CHI,39,26.9,22.8,23.6,14.5,5.3,0.9,0.31,0.46,1.1,2.4,10.9,0.479,2.0,0.835
1629134,Kendrick Nunn,G,1610612748,MIA,45,28.7,22.7,23.9,13.6,3.2,2.8,0.24,1.0,1.5,2.1,11.4,0.465,1.0,0.913
202711,Bojan Bogdanovic,F,1610612762,UTA,59,30.5,22.6,23.2,15.5,3.9,1.9,0.05,0.56,1.5,2.4,12.0,0.421,3.4,0.874
203501,Tim Hardaway Jr.,G-F,1610612742,DAL,57,28.3,22.4,23.0,15.7,3.3,1.7,0.16,0.44,0.9,2.8,12.6,0.437,2.3,0.798
203925,Joe Harris,G-F,1610612751,BKN,59,30.8,22.3,23.2,14.4,3.6,1.8,0.17,0.68,0.8,3.2,10.3,0.515,0.9,0.759
1629018,Gary Trent Jr.,G-F,1610612761,TOR,54,31.1,22.2,23.4,15.4,2.6,1.4,0.17,1.0,0.8,2.9,13.4,0.417,1.7,0.78
202692,Alec Burks,G,1610612752,NYK,44,25.8,22.2,23.1,12.6,4.5,2.2,0.27,0.68,1.0,2.0,10.1,0.414,2.5,0.865
1628973,Jalen Brunson,G,1610612742,DAL,54,25.5,22.1,22.6,12.8,3.6,3.5,0.0,0.52,1.3,1.2,9.1,0.53,2.4,0.78
201933,Blake Griffin,F,1610612751,BKN,33,27.0,22.1,23.0,10.8,4.9,3.3,0.27,0.7,1.5,1.5,9.1,0.393,2.9,0.726
201572,Brook Lopez,C,1610612749,MIL,57,27.3,22.0,24.0,11.7,5.1,0.7,1.39,0.61,0.9,1.6,8.9,0.485,1.8,0.854
1629652,Luguentz Dort,G,1610612760,OKC,45,29.6,21.9,23.3,13.9,3.6,1.6,0.38,0.98,1.5,2.2,11.9,0.404,2.9,0.727
202339,Eric Bledsoe,G,1610612740,NOP,58,30.0,21.8,22.8,11.9,3.4,3.7,0.29,0.67,1.6,1.8,10.1,0.41,2.4,0.734
1626196,Josh Richardson,G,1610612742,DAL,48,31.7,21.8,23.1,12.3,3.5,2.8,0.44,0.88,1.4,1.5,10.4,0.429,2.0,0.905
203933,T.J. Warren,F,1610612754,IND,4,29.3,21.6,22.1,15.5,3.5,1.3,0.0,0.5,1.0,0.0,12.8,0.529,2.5,0.8
1629650,Moses Brown,C,1610612760,OKC,30,20.7,21.5,23.2,8.6,8.5,0.2,1.07,0.63,1.0,0.0,6.1,0.543,3.1,0.628
2546,Carmelo Anthony,F,1610612757,POR,57,25.1,21.4,22.7,13.6,3.2,1.6,0.61,0.7,1.0,1.8,11.7,0.412,2.4,0.876
1627826,Ivica Zubac,C,1610612746,LAC,61,22.4,21.2,22.5,9.1,7.3,1.2,0.9,0.38,1.1,0.0,5.6,0.646,2.5,0.793
203901,Elfrid Payton,G,1610612752,NYK,51,25.5,21.2,22.2,11.5,3.6,3.5,0.18,0.78,1.7,0.5,10.9,0.441,2.0,0.69
203469,Cody Zeller,F-C,1610612766,CHA,38,21.0,21.1,22.0,8.9,6.9,1.9,0.37,0.61,1.1,0.1,6.7,0.542,2.2,0.741
202326,DeMarcus Cousins,C,1610612746,LAC,32,18.2,21.1,22.4,8.8,6.8,2.1,0.56,0.75,1.7,1.3,7.6,0.385,2.2,0.704
201568,Danilo Gallinari,F,1610612737,ATL,39,24.0,20.9,21.6,13.4,4.1,1.4,0.18,0.56,1.0,2.1,9.5,0.425,3.4,0.933
1628977,Hamidou Diallo,G,1610612765,DET,45,22.8,20.9,22.1,10.9,4.8,2.0,0.42,0.82,1.4,0.4,8.7,0.469,3.7,0.639
202694,Marcus Morris Sr.,F,1610612746,LAC,48,26.3,20.9,21.7,13.6,4.1,1.0,0.25,0.6,0.9,2.5,10.4,0.471,1.5,0.803
203487,Michael Carter-Williams,G,1610612753,ORL,31,25.8,20.9,22.3,8.8,4.5,4.2,0.55,0.81,2.2,0.5,8.7,0.389,2.6,0.613
200752,Rudy Gay,F-G,1610612759,SAS,51,21.7,20.7,22.0,11.0,4.9,1.5,0.59,0.71,1.0,1.6,9.8,0.413,1.6,0.805
1629675,Naz Reid,C-F,1610612750,MIN,58,19.3,20.6,22.2,11.2,4.6,1.1,1.07,0.52,1.0,0.8,8.2,0.521,2.5,0.738
1629003,Shake Milton,G-F,1610612755,PHI,51,23.9,20.6,21.4,13.4,2.3,3.0,0.25,0.63,1.8,1.1,10.9,0.45,2.9,0.849
1629130,Duncan Robinson,F,1610612748,MIA,59,32.0,20.5,21.3,13.0,3.5,1.8,0.25,0.56,1.2,3.5,9.9,0.44,1.0,0.847
201599,DeAndre Jordan,C,1610612751,BKN,51,22.3,20.5,22.0,7.7,7.4,1.7,1.18,0.29,1.5,0.0,4.4,0.783,1.5,0.5
1629001,De'Anthony Melton,G,1610612763,MEM,37,20.3,20.5,22.3,10.3,3.2,2.7,0.46,1.3,1.2,1.9,8.0,0.478,1.0,0.757
1626220,Royce O'Neale,F,1610612762,UTA,58,31.9,20.5,21.8,6.9,7.1,2.5,0.5,0.74,1.1,1.5,5.5,0.439,0.7,0.857
1630164,James Wiseman,C,1610612744,GSW,39,21.4,20.3,21.5,11.5,5.8,0.7,0.92,0.28,1.5,0.3,9.4,0.519,2.2,0.628
203109,Jae Crowder,F,1610612756,PHX,55,27.4,20.3,21.5,9.8,4.8,2.1,0.42,0.8,0.9,2.4,8.1,0.401,1.2,0.761
1627827,Dorian Finney-Smith,F,1610612742,DAL,47,32.3,20.3,21.7,9.4,5.5,1.5,0.45,0.89,0.6,1.9,7.7,0.453,0.6,0.8
201587,Nicolas Batum,G-F,1610612746,LAC,57,28.3,20.2,21.8,8.4,4.9,2.3,0.53,1.09,0.8,1.7,6.4,0.462,0.9,0.846
201980,Danny Green,G,1610612755,PHI,58,28.4,20.1,22.2,9.7,3.7,1.7,0.86,1.31,1.0,2.6,7.9,0.422,0.6,0.758
1627812,Yogi Ferrell,G,1610612746,LAC,3,20.2,20.1,21.8,9.0,2.3,4.0,0.33,1.33,1.0,1.3,9.0,0.37,1.7,0.6
1629629,Cam Reddish,F-G,1610612737,ATL,26,28.9,20.0,21.6,11.2,4.0,1.3,0.35,1.27,1.3,1.3,10.1,0.365,3.2,0.817
1628464,Daniel Theis,F-C,1610612741,CHI,56,24.1,20.0,21.5,9.4,5.1,1.7,0.93,0.57,1.0,0.7,7.0,0.541,1.6,0.663
202684,Tristan Thompson,C-F,1610612738,BOS,44,23.2,20.0,20.9,8.0,8.1,1.1,0.48,0.41,1.1,0.0,6.1,0.537,2.3,0.62
101150,Lou Williams,G,1610612737,ATL,54,22.3,19.8,20.7,12.1,2.0,3.4,0.09,0.81,1.6,1.1,10.3,0.418,2.8,0.872
1628960,Grayson Allen,G,1610612763,MEM,44,25.7,19.8,21.0,11.4,3.2,2.2,0.16,1.0,1.0,2.4,8.6,0.432,1.9,0.857
203200,Justin Holiday,F-G,1610612754,IND,58,31.1,19.7,21.4,10.4,3.6,1.6,0.43,1.22,0.8,2.4,8.9,0.403,1.2,0.779
203490,Otto Porter Jr.,F,1610612753,ORL,28,21.7,19.7,20.4,9.7,5.4,2.0,0.14,0.57,0.9,1.4,8.1,0.432,1.5,0.857
203552,Seth Curry,G,1610612755,PHI,46,29.0,19.5,20.4,12.1,2.1,2.8,0.17,0.78,1.2,2.0,9.8,0.447,1.4,0.894
1629676,Isaiah Roby,F,1610612760,OKC,48,23.6,19.5,21.0,8.8,5.6,1.9,0.67,0.81,1.8,0.6,6.8,0.5,2.0,0.716
200794,Paul Millsap,F,1610612743,DEN,46,21.4,19.3,20.8,9.0,4.8,1.7,0.67,0.83,0.9,0.9,6.9,0.489,1.8,0.711
203457,Nerlens Noel,C-F,1610612752,NYK,53,23.7,19.3,22.5,5.2,6.6,0.7,2.15,1.0,1.1,0.0,3.6,0.619,1.1,0.69
203087,Jeremy Lamb,G-F,1610612754,IND,36,21.3,19.2,20.8,10.1,3.6,1.5,0.64,0.94,0.6,1.4,7.7,0.435,2.1,0.947
203926,Doug McDermott,F,1610612754,IND,52,24.3,19.2,19.5,12.9,3.6,1.3,0.08,0.31,0.8,1.6,9.8,0.517,1.4,0.822
1628971,Bruce Brown,G-F,1610612751,BKN,55,22.5,19.2,20.5,8.7,5.2,1.6,0.38,0.95,0.9,0.3,6.6,0.539,1.9,0.745
1630180,Saddiq Bey,F,1610612765,DET,58,25.9,19.0,19.9,11.4,4.1,1.2,0.12,0.74,0.8,2.3,9.0,0.41,1.9,0.872
1628420,Monte Morris,G,1610612743,DEN,44,26.1,19.0,20.0,10.3,2.2,3.2,0.3,0.7,0.7,1.1,8.3,0.477,1.6,0.789
1630177,Theo Maledon,G,1610612760,OKC,53,27.6,18.9,19.9,9.7,3.5,3.4,0.11,0.89,2.1,1.6,9.2,0.37,1.8,0.729
1628370,Malik Monk,G,1610612766,CHA,32,21.7,18.9,19.5,13.1,2.7,1.9,0.13,0.5,1.5,2.2,10.1,0.46,2.0,0.815
1629660,Ty Jerome,G-F,1610612760,OKC,26,24.3,18.9,19.7,9.9,2.8,3.7,0.15,0.62,1.4,2.1,8.5,0.419,1.0,0.72
2730,Dwight Howard,C-F,1610612755,PHI,57,17.3,18.8,20.1,6.6,8.3,0.8,0.91,0.42,1.7,0.1,4.1,0.585,3.0,0.573
202704,Reggie Jackson,G,1610612746,LAC,57,22.6,18.8,19.5,10.4,2.9,3.1,0.11,0.58,1.1,1.7,8.4,0.453,1.3,0.8
203107,Tomas Satoransky,G,1610612741,CHI,47,23.5,18.8,19.9,8.0,2.4,5.0,0.23,0.83,1.7,0.8,5.9,0.513,1.3,0.885
1630191,Isaiah Stewart,F-C,1610612765,DET,58,20.3,18.8,20.4,7.3,6.6,0.9,1.09,0.53,1.0,0.2,5.4,0.58,1.2,0.667
1630172,Patrick Williams,F,1610612741,CHI,58,28.3,18.8,20.3,9.2,4.7,1.4,0.66,0.91,1.4,0.8,7.5,0.484,1.6,0.755
201588,George Hill,G,1610612755,PHI,17,25.3,18.6,19.6,10.8,2.1,2.8,0.29,0.71,0.9,1.4,7.9,0.515,1.6,0.786
1629638,Nickeil Alexander-Walker,G,1610612740,NOP,41,20.7,18.5,20.0,10.2,3.1,2.0,0.51,0.98,1.4,1.6,9.2,0.418,1.3,0.75
1627740,Henry Ellenson,F-C,1610612761,TOR,2,19.2,18.5,18.5,7.5,6.0,2.5,0.0,0.0,0.0,1.0,7.0,0.357,2.0,0.75
1626224,Cedi Osman,F,1610612739,CLE,49,24.1,18.4,19.5,9.5,3.3,2.6,0.16,0.9,1.1,1.6,9.5,0.36,1.5,0.743
1628021,David Nwaba,G-F,1610612745,HOU,30,22.6,18.3,20.0,9.2,3.9,1.0,0.7,1.0,0.6,0.6,7.3,0.486,2.3,0.691
201145,Jeff Green,F,1610612751,BKN,55,26.7,18.2,19.1,10.3,3.7,1.6,0.4,0.53,0.8,1.4,7.6,0.476,2.2,0.769
202355,Hassan Whiteside,C,1610612758,SAC,36,15.2,18.1,19.6,8.1,6.0,0.6,1.28,0.25,1.1,0.0,6.2,0.563,2.2,0.519
1630193,Immanuel Quickley,G,1610612752,NYK,55,19.5,18.0,18.7,11.8,2.2,2.1,0.2,0.47,0.9,1.9,9.4,0.391,2.9,0.892
1627863,Danuel House Jr.,F-G,1610612745,HOU,31,27.2,18.0,19.0,9.3,3.9,1.9,0.45,0.61,1.0,1.6,7.9,0.406,1.9,0.661
1627752,Taurean Prince,F,1610612739,CLE,41,22.1,17.8,19.0,9.5,3.5,1.9,0.56,0.68,1.1,1.5,8.0,0.401,1.9,0.855
201976,Patrick Beverley,G,1610612746,LAC,31,23.4,17.8,19.4,8.0,3.6,2.1,0.77,0.84,0.9,1.7,6.1,0.432,1.3,0.805
201988,Patty Mills,G,1610612759,SAS,55,25.5,17.8,18.4,11.7,1.7,2.4,0.04,0.64,1.0,2.5,9.5,0.424,1.2,0.91
203473,Dewayne Dedmon,C,1610612748,MIA,4,13.8,17.7,19.2,7.8,6.0,0.5,1.0,0.5,1.0,0.0,4.5,0.611,2.5,0.9
203493,Reggie Bullock,G-F,1610612752,NYK,53,28.7,17.7,18.6,10.2,3.4,1.5,0.17,0.79,0.7,2.4,8.3,0.436,0.7,0.892
2772,Trevor Ariza,F,1610612748,MIA,18,26.6,17.7,18.9,8.2,4.2,1.7,0.56,0.67,0.7,1.5,7.2,0.385,1.6,0.75
202722,Davis Bertans,F,1610612764,WAS,43,24.7,17.7,18.6,11.7,3.0,0.9,0.23,0.6,0.6,3.0,8.3,0.409,2.0,0.885
1629651,Nicolas Claxton,F-C,1610612751,BKN,25,18.5,17.5,19.5,6.6,5.0,1.1,1.2,0.76,0.6,0.0,4.8,0.583,1.8,0.5
1629643,Chuma Okeke,F,1610612753,ORL,42,24.9,17.5,18.9,7.2,4.0,2.2,0.5,0.95,0.8,1.0,6.9,0.403,0.9,0.757
1630197,Aleksej Pokusevski,C,1610612760,OKC,36,23.3,17.3,18.8,7.5,4.7,2.1,1.08,0.42,1.9,1.3,8.5,0.329,0.8,0.786
1628467,Maxi Kleber,F,1610612742,DAL,42,27.6,17.3,18.6,7.1,5.3,1.3,0.76,0.55,0.7,1.7,5.5,0.417,0.8,0.914
1629022,Lonnie Walker IV,G-F,1610612759,SAS,46,25.2,17.3,18.1,11.0,2.6,1.7,0.3,0.52,1.1,1.7,9.9,0.418,1.4,0.794
202397,Ish Smith,G,1610612764,WAS,30,20.3,17.2,18.0,6.0,3.4,4.2,0.23,0.63,1.0,0.4,6.2,0.425,0.8,0.522
1629659,Talen Horton-Tucker,G,1610612747,LAL,54,19.7,17.1,18.4,8.9,2.8,2.5,0.37,0.94,1.5,0.6,7.6,0.446,1.8,0.808
1629661,Cameron Johnson,F,1610612756,PHX,53,23.6,17.1,18.0,9.9,3.3,1.5,0.3,0.58,0.7,2.1,7.9,0.443,0.9,0.878
201580,JaVale McGee,C-F,1610612743,DEN,37,14.7,17.0,18.6,7.6,5.1,0.9,1.14,0.49,1.4,0.1,6.2,0.522,1.6,0.644
202709,Cory Joseph,G,1610612765,DET,58,22.6,16.9,18.1,7.8,2.5,3.2,0.26,0.97,1.2,0.7,6.4,0.463,1.4,0.807
1626145,Tyus Jones,G,1610612763,MEM,57,18.7,16.9,18.0,6.9,2.1,4.0,0.09,1.04,0.7,0.7,6.4,0.437,0.6,0.917
1626195,Willy Hernangomez,C-F,1610612740,NOP,35,15.9,16.9,17.7,6.7,6.4,0.9,0.49,0.31,0.5,0.0,5.1,0.553,1.6,0.643
1629026,Kenrich Williams,G-F,1610612760,OKC,59,21.2,16.9,17.8,7.6,4.2,2.2,0.22,0.75,1.1,0.8,5.9,0.527,1.0,0.579
1628396,Tony Bradley,C-F,1610612760,OKC,34,16.4,16.8,17.9,7.1,5.8,0.9,0.71,0.38,0.7,0.0,4.7,0.665,1.2,0.707
1627737,Marquese Chriss,F,1610612744,GSW,2,13.4,16.8,17.8,6.5,6.5,1.0,1.0,0.0,1.0,0.5,7.0,0.357,2.0,0.5
203516,James Ennis III,F,1610612753,ORL,39,24.3,16.8,17.8,8.6,4.1,1.5,0.18,0.82,0.8,1.1,6.1,0.475,2.1,0.815
203914,Gary Harris,G,1610612753,ORL,26,29.2,16.7,17.8,10.2,2.2,1.8,0.27,0.77,0.8,1.3,8.5,0.421,2.2,0.776
1628372,Dennis Smith Jr.,G,1610612765,DET,23,18.3,16.7,18.3,6.7,2.4,3.3,0.61,1.0,1.1,0.8,6.3,0.4,1.1,0.731
203915,Spencer Dinwiddie,G,1610612751,BKN,3,21.4,16.7,17.7,6.7,4.3,3.0,0.33,0.67,1.7,0.7,5.3,0.375,2.0,1.0
1628425,Sterling Brown,G-F,1610612745,HOU,51,24.1,16.7,17.7,8.2,4.4,1.4,0.24,0.75,0.8,1.8,6.6,0.448,0.6,0.806
1630217,Desmond Bane,G,1610612763,MEM,53,22.3,16.5,17.3,9.5,3.1,1.7,0.19,0.62,0.9,1.8,7.4,0.477,0.8,0.833
203484,Kentavious Caldwell-Pope,G,1610612747,LAL,55,27.4,16.5,17.7,9.7,2.7,1.6,0.33,0.82,1.0,1.8,7.6,0.433,1.5,0.857
1628407,Dwayne Bacon,G-F,1610612753,ORL,59,25.1,16.4,17.0,10.4,3.0,1.2,0.07,0.56,0.6,0.9,9.6,0.399,2.2,0.843
1626192,Pat Connaughton,G,1610612749,MIL,55,23.1,16.4,17.5,7.1,4.9,1.2,0.35,0.69,0.5,1.5,5.7,0.45,0.6,0.735
201949,James Johnson,F,1610612740,NOP,40,20.1,16.2,18.0,6.8,3.3,2.0,0.93,0.85,1.1,0.6,6.1,0.442,1.3,0.642
203210,JaMychal Green,F-C,1610612743,DEN,45,18.6,16.2,17.1,8.3,4.9,0.8,0.36,0.53,0.9,1.4,6.4,0.472,1.0,0.844
1630214,Xavier Tillman,F,1610612763,MEM,47,19.0,16.2,17.5,6.8,4.4,1.3,0.55,0.81,0.7,0.4,5.3,0.544,1.0,0.674
202066,Garrett Temple,G-F,1610612741,CHI,43,26.7,16.1,17.4,7.9,2.9,2.1,0.47,0.84,1.1,1.3,7.0,0.421,0.9,0.825
1627884,Derrick Jones Jr.,F,1610612757,POR,51,24.3,16.1,17.8,7.3,3.9,0.8,1.0,0.71,0.6,0.8,5.6,0.483,1.6,0.634
1629020,Jarred Vanderbilt,F,1610612750,MIN,52,17.3,16.0,17.7,5.2,5.4,1.3,0.77,0.9,0.9,0.0,3.5,0.597,1.8,0.565
1626166,Cameron Payne,G,1610612756,PHX,48,17.3,15.9,16.6,7.3,2.3,3.5,0.21,0.58,1.1,1.0,6.0,0.467,0.9,0.854
203488,Mike Muscala,F-C,1610612760,OKC,35,18.4,15.9,16.4,9.7,3.8,0.8,0.31,0.23,0.6,1.9,7.6,0.446,1.0,0.917
1629673,Jordan Poole,G,1610612744,GSW,38,18.2,15.9,16.6,11.0,1.5,1.9,0.16,0.5,0.9,1.8,8.8,0.429,1.9,0.89
203967,Dario Saric,F-C,1610612756,PHX,41,17.5,15.9,16.6,9.1,4.0,1.3,0.07,0.59,1.2,1.0,7.1,0.451,1.9,0.872
1630171,Isaac Okoro,F-G,1610612739,CLE,53,31.8,15.8,17.3,8.3,2.8,1.7,0.43,1.04,1.3,0.8,7.2,0.426,1.8,0.723
203526,Raul Neto,G,1610612764,WAS,52,20.7,15.7,16.9,8.1,2.3,2.1,0.08,1.13,0.8,0.9,6.9,0.455,1.1,0.842
202324,Derrick Favors,F,1610612762,UTA,55,15.5,15.7,17.2,5.6,5.5,0.7,1.02,0.51,0.6,0.0,3.7,0.618,1.3,0.74
201959,Taj Gibson,F,1610612752,NYK,33,20.4,15.7,17.5,5.0,5.5,0.7,1.0,0.79,0.6,0.1,3.3,0.6,1.3,0.682
201188,Marc Gasol,C,1610612747,LAL,44,19.5,15.7,17.4,5.4,4.0,2.1,1.2,0.52,1.2,1.0,4.1,0.444,1.0,0.75
203920,Khem Birch,C,1610612761,TOR,54,20.4,15.7,17.1,5.7,5.2,1.1,0.67,0.67,0.5,0.1,4.6,0.462,1.8,0.724
1629669,Jaylen Nowell,G,1610612750,MIN,38,18.8,15.6,16.4,9.5,2.3,1.6,0.26,0.55,0.7,1.2,8.4,0.428,1.3,0.824
1630165,Killian Hayes,G,1610612765,DET,15,23.1,15.6,17.0,6.3,2.1,4.3,0.4,1.0,2.6,0.6,7.5,0.348,0.6,0.889
1629743,Donta Hall,C,1610612753,ORL,4,14.0,15.6,17.9,4.3,4.3,1.5,1.5,0.75,0.5,0.0,2.0,0.625,2.8,0.636
1630231,Kenyon Martin Jr.,F,1610612745,HOU,32,19.6,15.5,16.9,6.7,4.7,0.6,0.91,0.53,0.6,0.4,5.0,0.509,1.5,0.771
201577,Robin Lopez,C,1610612764,WAS,58,19.8,15.4,16.2,8.8,3.9,0.8,0.59,0.24,1.1,0.1,5.8,0.631,2.0,0.698
1629162,Jordan McLaughlin,G,1610612750,MIN,40,19.5,15.4,16.7,5.2,2.1,4.2,0.15,1.1,1.1,0.7,5.2,0.393,0.6,0.75
1630273,Freddie Gillespie,F,1610612761,TOR,7,17.5,15.4,17.4,6.1,4.0,0.6,1.43,0.57,0.4,0.0,4.1,0.621,1.1,0.875
1626159,Justise Winslow,F-G,1610612763,MEM,18,20.6,15.4,16.5,6.8,4.4,1.8,0.44,0.67,1.7,0.3,8.6,0.348,1.0,0.556
1628408,PJ Dozier,G-F,1610612743,DEN,43,20.7,15.3,16.3,7.1,3.7,1.7,0.42,0.6,0.9,0.9,6.5,0.412,1.4,0.639
1627788,Furkan Korkmaz,G-F,1610612755,PHI,47,19.8,15.3,16.4,9.5,2.1,1.3,0.17,0.94,0.9,1.9,7.8,0.408,1.7,0.734
1628383,Justin Patton,C,1610612745,HOU,13,19.0,15.2,17.2,5.4,3.8,1.1,1.08,0.92,0.3,0.7,5.4,0.414,0.3,0.75
1629672,Eric Paschall,F,1610612744,GSW,39,17.3,15.2,15.6,9.5,3.2,1.3,0.18,0.31,1.1,0.4,7.5,0.491,2.3,0.719
1628964,Mo Bamba,C,1610612753,ORL,35,13.1,15.1,16.2,6.9,4.7,0.5,1.0,0.17,0.7,0.8,5.8,0.475,1.0,0.639
202687,Bismack Biyombo,C,1610612766,CHA,52,20.8,15.1,16.5,5.3,5.2,1.3,1.1,0.29,1.0,0.0,3.8,0.578,1.7,0.483
1630230,Naji Marshall,F,1610612740,NOP,19,18.3,15.0,16.0,5.8,3.4,2.6,0.32,0.63,0.7,0.6,4.7,0.367,2.5,0.688
1630166,Deni Avdija,F,1610612764,WAS,54,23.3,15.0,15.9,6.3,4.9,1.2,0.28,0.59,0.6,1.0,5.8,0.417,0.8,0.644
1630183,Jaden McDaniels,F,1610612750,MIN,53,23.1,15.0,16.5,6.8,3.6,1.1,0.98,0.53,0.7,1.2,5.8,0.448,0.7,0.59
202693,Markieff Morris,F,1610612747,LAL,51,20.6,15.0,15.6,7.3,4.6,1.2,0.33,0.31,1.0,1.2,6.3,0.433,0.8,0.744
203476,Gorgui Dieng,C,1610612759,SAS,28,15.1,14.7,15.9,6.7,3.9,1.2,0.54,0.68,0.9,0.9,4.2,0.508,1.8,0.86
1627936,Alex Caruso,G,1610612747,LAL,49,20.5,14.6,16.0,5.8,2.9,2.5,0.24,1.14,1.2,0.9,4.8,0.43,1.1,0.655
201961,Wayne Ellington,G,1610612765,DET,42,21.9,14.6,15.2,9.8,1.9,1.4,0.21,0.36,0.7,2.5,7.4,0.447,0.8,0.8
1629655,Daniel Gafford,F-C,1610612764,WAS,40,13.6,14.6,16.4,6.4,4.0,0.5,1.33,0.4,0.8,0.0,3.9,0.682,1.9,0.635
203145,Kent Bazemore,G-F,1610612744,GSW,57,18.1,14.5,15.9,6.7,3.1,1.6,0.47,0.96,1.2,1.1,5.4,0.448,1.1,0.692
2738,Andre Iguodala,G-F,1610612748,MIA,52,21.5,14.5,16.0,4.7,3.7,2.2,0.54,1.0,1.0,1.0,4.2,0.385,0.7,0.647
1628379,Luke Kennard,G,1610612746,LAC,55,19.9,14.5,15.0,8.5,2.8,1.7,0.16,0.33,0.8,1.7,6.6,0.485,0.5,0.828
1629611,Terance Mann,G-F,1610612746,LAC,58,18.8,14.3,15.0,6.6,3.7,1.7,0.22,0.43,0.6,0.6,5.2,0.483,1.3,0.803
1629308,Juan Toscano-Anderson,F,1610612744,GSW,40,18.1,14.3,15.3,5.1,3.9,2.3,0.43,0.63,0.9,0.6,3.4,0.584,0.6,0.739
202329,Al-Farouq Aminu,F,1610612741,CHI,20,19.5,14.3,15.6,4.8,5.0,1.5,0.45,0.85,1.4,0.4,4.6,0.391,1.0,0.842
1629717,Armoni Brooks,G,1610612745,HOU,7,19.8,14.3,15.0,7.7,3.6,1.1,0.14,0.57,0.9,2.1,7.0,0.388,0.4,0.333
203458,Alex Len,C,1610612764,WAS,50,15.4,14.1,15.4,6.6,3.8,0.8,1.04,0.28,1.0,0.1,4.3,0.626,1.9,0.6
1629013,Landry Shamet,G,1610612751,BKN,48,21.7,14.1,14.7,9.4,1.8,1.5,0.1,0.48,0.8,2.2,7.5,0.412,1.3,0.852
1629004,Svi Mykhailiuk,G-F,1610612760,OKC,55,19.8,14.1,15.1,8.0,2.5,1.6,0.2,0.75,1.3,1.6,7.1,0.414,0.8,0.756
1627756,Denzel Valentine,G,1610612741,CHI,52,17.6,13.9,14.5,6.9,3.4,1.6,0.08,0.5,0.7,1.3,7.0,0.379,0.3,0.929
201571,D.J. Augustin,G,1610612745,HOU,51,19.2,13.8,14.3,7.0,1.6,3.3,0.02,0.51,1.1,1.3,5.6,0.385,1.5,0.932
1629234,Drew Eubanks,F-C,1610612759,SAS,40,13.8,13.8,15.1,5.5,4.3,0.9,1.0,0.33,0.8,0.0,3.7,0.568,1.9,0.693
1626163,Frank Kaminsky,F-C,1610612756,PHX,34,14.5,13.8,14.5,6.2,3.6,1.6,0.38,0.29,0.5,0.8,5.2,0.463,1.1,0.564
203382,Aron Baynes,C-F,1610612761,TOR,50,18.2,13.7,14.4,5.8,5.1,0.9,0.4,0.3,0.9,0.4,5.6,0.431,0.7,0.73
1630240,Saben Lee,G,1610612765,DET,37,15.5,13.7,14.7,5.4,2.1,3.4,0.27,0.68,1.1,0.2,4.1,0.464,2.0,0.676
1626161,Willie Cauley-Stein,C,1610612742,DAL,39,16.9,13.5,14.6,5.5,4.3,0.7,0.79,0.31,0.4,0.0,3.6,0.621,1.6,0.656
1629052,Oshae Brissett,F-G,1610612754,IND,7,13.1,13.3,14.4,7.4,2.9,0.3,0.57,0.57,0.3,0.9,4.6,0.594,1.7,0.667
1627814,Damion Lee,G-F,1610612744,GSW,57,18.9,13.3,14.1,6.5,3.2,1.3,0.14,0.67,0.5,1.4,4.8,0.467,0.8,0.909
1628395,Jordan Bell,F,1610612764,WAS,4,16.5,13.3,14.8,3.5,4.8,1.3,0.75,0.75,0.8,0.0,4.8,0.368,0.0,0.0
1628392,Isaiah Hartenstein,C-F,1610612739,CLE,42,12.0,13.3,14.6,5.0,4.1,1.1,0.88,0.43,0.9,0.0,3.5,0.557,1.6,0.638
1626172,Kevon Looney,F,1610612744,GSW,48,17.1,13.2,14.0,3.9,4.7,1.9,0.38,0.4,0.7,0.1,3.0,0.556,0.7,0.706
200765,Rajon Rondo,G,1610612746,LAC,36,15.8,13.2,14.0,4.6,2.1,3.9,0.08,0.72,1.5,0.7,4.4,0.418,0.3,0.909
1628412,Frank Mason,G,1610612753,ORL,4,19.8,13.1,13.1,6.3,3.0,3.0,0.0,0.0,1.3,0.5,6.0,0.375,1.8,0.714
1630201,Malachi Flynn,G,1610612761,TOR,34,17.1,13.1,14.0,5.7,2.0,2.6,0.15,0.74,0.8,0.9,6.1,0.354,0.7,0.739
1630202,Payton Pritchard,G,1610612738,BOS,53,19.0,13.1,13.8,7.2,2.2,1.8,0.15,0.55,0.8,1.4,5.9,0.446,0.6,0.9
201952,Jeff Teague,G,1610612749,MIL,44,17.9,13.0,13.8,6.8,1.7,2.3,0.23,0.61,1.1,0.7,5.4,0.426,1.8,0.852
1627823,Juancho Hernangomez,F,1610612750,MIN,41,16.6,13.0,13.5,6.9,3.9,0.6,0.1,0.37,0.5,1.0,5.4,0.441,1.7,0.662
203085,Austin Rivers,G,1610612743,DEN,22,20.7,12.9,13.5,7.2,2.3,1.9,0.0,0.55,1.0,1.3,6.2,0.431,0.7,0.75
1630267,Facundo Campazzo,G,1610612743,DEN,52,19.4,12.9,14.1,5.2,1.7,2.8,0.21,1.0,1.0,1.2,4.2,0.388,1.0,0.824
1629637,Jaxson Hayes,C-F,1610612740,NOP,47,14.8,12.8,13.6,6.3,3.9,0.6,0.49,0.36,0.7,0.1,3.7,0.659,1.7,0.759
1629014,Anfernee Simons,G,1610612757,POR,50,16.6,12.8,13.2,8.0,2.2,1.4,0.12,0.26,0.7,1.9,6.5,0.412,0.9,0.766
202340,Avery Bradley,G,1610612745,HOU,24,22.1,12.7,13.6,6.7,2.2,1.8,0.13,0.71,0.9,1.3,6.4,0.383,0.6,0.8
202357,Nemanja Bjelica,F,1610612748,MIA,34,15.5,12.7,13.1,6.1,3.4,1.7,0.12,0.29,0.9,0.6,5.1,0.448,1.3,0.733
200782,P.J. Tucker,F,1610612749,MIL,40,27.4,12.7,14.0,4.0,4.3,1.2,0.5,0.8,0.8,0.8,3.7,0.369,0.6,0.783
1630184,Kira Lewis Jr.,G,1610612740,NOP,41,16.3,12.6,13.5,6.5,1.2,2.3,0.17,0.71,0.6,0.8,6.4,0.398,0.8,0.788
1629658,Jaylen Hoard,F,1610612760,OKC,9,18.2,12.5,13.4,6.6,3.7,0.9,0.22,0.67,1.6,0.0,4.8,0.488,2.3,0.81
1629048,Goga Bitadze,C-F,1610612754,IND,37,11.3,12.5,14.0,5.1,3.2,0.7,1.24,0.22,0.4,0.4,4.1,0.458,1.2,0.756
1629006,Josh Okogie,G,1610612750,MIN,47,20.9,12.4,13.8,5.6,2.6,1.1,0.47,0.98,0.7,0.5,4.6,0.397,1.7,0.817
1628422,Damyean Dotson,G,1610612739,CLE,35,18.8,12.3,12.8,6.5,2.0,2.1,0.11,0.4,0.8,0.9,6.3,0.394,0.9,0.688
1628993,Alize Johnson,F,1610612751,BKN,12,10.6,12.3,12.8,5.3,4.6,0.8,0.17,0.33,0.7,0.1,4.1,0.612,0.3,1.0
1629680,Matisse Thybulle,G-F,1610612755,PHI,56,20.0,12.3,14.9,3.8,2.0,0.9,1.04,1.52,0.4,0.7,3.7,0.415,0.3,0.5
1627854,Bryn Forbes,G,1610612749,MIL,57,19.2,12.3,12.6,9.6,1.5,0.6,0.0,0.32,0.6,2.1,7.4,0.456,0.9,0.78
1627761,DeAndre' Bembry,G-F,1610612761,TOR,39,18.1,12.3,13.5,5.2,2.7,2.0,0.36,0.79,1.3,0.2,3.9,0.533,1.1,0.698
202954,Brad Wanamaker,G,1610612766,CHA,51,16.6,12.2,13.0,5.3,1.7,2.9,0.18,0.69,1.2,0.3,4.8,0.371,1.6,0.88
203521,Matthew Dellavedova,G,1610612739,CLE,11,17.5,12.2,12.6,2.8,1.9,4.5,0.0,0.36,0.5,0.3,4.3,0.255,0.4,1.0
1628382,Justin Jackson,F,1610612749,MIL,33,16.5,12.1,12.7,7.2,2.2,1.5,0.06,0.45,0.9,1.0,6.4,0.406,1.1,0.857
1630178,Tyrese Maxey,G,1610612755,PHI,50,14.6,12.0,12.5,7.2,1.5,1.7,0.16,0.38,0.6,0.4,6.7,0.449,0.9,0.864
1627789,Timothe Luwawu-Cabarrot,G-F,1610612751,BKN,52,19.2,12.0,12.7,6.7,2.4,1.2,0.12,0.6,0.8,1.4,6.5,0.362,0.8,0.8
1629667,Jalen McDaniels,F-C,1610612766,CHA,33,16.6,11.9,12.7,6.5,2.8,0.9,0.3,0.55,1.0,0.7,5.4,0.458,1.2,0.744
1629685,Dylan Windler,G-F,1610612739,CLE,31,16.5,11.9,12.9,5.2,3.5,1.1,0.39,0.61,1.0,0.8,4.2,0.438,0.9,0.778
1628988,Aaron Holiday,G,1610612754,IND,56,17.5,11.9,12.7,7.2,1.3,1.6,0.16,0.66,0.9,1.1,6.7,0.39,1.2,0.803
200755,JJ Redick,G,1610612742,DAL,37,17.6,11.9,12.2,8.2,1.6,1.2,0.05,0.27,0.8,1.6,6.5,0.409,1.4,0.94
202334,Ed Davis,C-F,1610612750,MIN,22,13.3,11.8,13.0,2.2,5.1,1.0,0.59,0.59,0.3,0.0,2.0,0.432,0.5,0.833
1629056,Terence Davis,G,1610612758,SAC,48,15.5,11.8,12.6,7.3,2.0,1.1,0.21,0.54,0.9,1.4,6.4,0.42,0.6,0.828
1629731,Dean Wade,F-C,1610612739,CLE,49,17.0,11.8,12.7,5.2,3.1,1.1,0.37,0.47,0.4,1.1,4.4,0.427,0.4,0.762
1627846,Abdel Nader,F,1610612756,PHX,24,14.8,11.7,12.5,6.7,2.6,0.8,0.38,0.42,0.8,0.8,4.8,0.491,1.5,0.757
203463,Ben McLemore,G,1610612747,LAL,40,16.7,11.6,12.3,7.6,2.0,0.8,0.13,0.53,0.9,1.7,6.8,0.366,1.2,0.766
1628997,Caleb Martin,F,1610612766,CHA,44,15.4,11.5,12.4,5.0,2.8,1.2,0.2,0.73,0.7,0.6,5.0,0.379,1.1,0.612
1628402,Frank Jackson,G,1610612765,DET,31,16.6,11.5,11.8,8.4,1.9,0.7,0.03,0.26,0.9,1.4,6.3,0.456,1.6,0.8
203939,Dwight Powell,F-C,1610612742,DAL,44,14.6,11.4,12.3,4.8,3.4,0.8,0.34,0.61,0.6,0.1,3.0,0.545,1.8,0.765
1630170,Devin Vassell,G-F,1610612759,SAS,48,16.3,11.4,12.6,5.1,2.6,0.9,0.29,0.81,0.4,0.9,4.4,0.406,0.7,0.879
1629021,Moritz Wagner,F-C,1610612738,BOS,34,12.8,11.4,12.3,5.6,2.7,1.1,0.26,0.65,0.9,0.4,4.0,0.485,1.6,0.778
1628470,Torrey Craig,F,1610612756,PHX,37,13.8,11.3,12.3,4.4,3.4,0.9,0.41,0.59,0.5,0.6,3.7,0.478,0.3,0.6
203957,Dante Exum,G,1610612745,HOU,6,19.4,11.3,12.3,3.8,2.8,2.2,0.33,0.67,1.2,0.3,4.3,0.385,0.3,0.5
1626178,Rondae Hollis-Jefferson,F,1610612757,POR,4,14.4,11.2,12.0,4.0,3.0,1.8,0.5,0.25,0.5,0.0,2.5,0.4,3.0,0.667
1630173,Precious Achiuwa,F,1610612748,MIA,55,12.4,10.9,11.7,5.0,3.6,0.5,0.47,0.33,0.7,0.0,3.8,0.541,1.9,0.515
1629010,Jerome Robinson,G,1610612764,WAS,17,17.9,10.8,11.8,4.9,2.2,1.5,0.35,0.71,1.1,0.6,5.6,0.295,1.2,0.8
1626246,Boban Marjanovic,C,1610612742,DAL,24,9.0,10.7,11.0,4.9,4.4,0.3,0.21,0.04,0.4,0.0,4.3,0.48,1.1,0.769
1626168,Trey Lyles,F,1610612759,SAS,23,15.6,10.7,11.1,5.0,3.7,0.6,0.04,0.26,0.3,0.6,3.9,0.478,1.0,0.652
203503,Tony Snell,G,1610612737,ATL,40,21.0,10.7,11.2,5.5,2.4,1.3,0.25,0.23,0.5,1.4,3.7,0.517,0.3,1.0
1629633,Jarrett Culver,G-F,1610612750,MIN,34,14.7,10.7,11.5,5.3,3.1,0.7,0.26,0.5,0.8,0.4,4.9,0.411,1.4,0.604
1628410,Edmond Sumner,G,1610612754,IND,45,15.0,10.6,11.4,6.7,1.7,0.8,0.2,0.6,0.9,0.6,4.8,0.521,1.4,0.806
203524,Solomon Hill,F,1610612737,ATL,58,20.9,10.6,11.4,4.7,2.7,1.0,0.17,0.71,0.6,1.1,4.3,0.369,0.5,0.742
1629139,Yuta Watanabe,G-F,1610612761,TOR,40,13.4,10.4,11.3,4.0,3.3,0.7,0.4,0.5,0.4,0.6,3.2,0.45,0.6,0.826
1629751,Dakota Mathias,G,1610612755,PHI,8,15.4,10.4,10.9,6.0,0.9,1.6,0.38,0.13,0.1,1.0,6.0,0.396,0.8,0.333
1626184,Chasson Randle,G,1610612753,ORL,28,19.6,10.4,11.0,5.6,1.7,1.9,0.07,0.46,1.1,1.1,5.0,0.388,0.8,0.826
1629723,John Konchar,G,1610612763,MEM,34,13.7,10.4,11.5,3.8,2.8,1.1,0.21,0.85,0.5,0.4,3.0,0.456,0.7,0.833
202738,Isaiah Thomas,G,1610612740,NOP,3,16.1,10.4,10.8,7.7,1.3,1.7,0.0,0.33,2.0,1.0,9.0,0.333,0.7,1.0
203504,Trey Burke,G,1610612742,DAL,49,14.3,10.3,10.9,6.5,0.9,1.3,0.06,0.55,0.5,1.0,5.4,0.444,0.8,0.85
1628998,Cody Martin,F,1610612766,CHA,46,15.4,10.3,11.0,3.8,2.7,1.6,0.2,0.57,0.7,0.3,3.4,0.446,0.8,0.571
1629684,Grant Williams,F,1610612738,BOS,51,18.8,10.3,11.2,4.4,2.9,1.0,0.35,0.59,0.9,0.7,3.8,0.423,0.8,0.55
1629185,Chris Chiozza,G,1610612751,BKN,22,10.6,10.2,10.8,4.0,1.1,3.0,0.27,0.32,0.7,0.6,4.0,0.352,0.8,0.765
1627777,Georges Niang,F,1610612762,UTA,59,14.5,10.0,10.3,5.9,2.4,0.8,0.1,0.29,0.7,1.5,4.9,0.432,0.2,1.0
1628972,Troy Brown Jr.,G-F,1610612741,CHI,34,15.4,10.0,10.5,4.7,3.1,0.9,0.18,0.29,0.6,0.6,4.2,0.431,0.6,0.714
1630181,R.J. Hampton,G,1610612753,ORL,39,14.1,10.0,10.5,4.9,2.7,0.9,0.15,0.44,0.8,0.4,4.6,0.425,0.9,0.649
1629002,Chimezie Metu,F-C,1610612758,SAC,26,9.7,10.0,10.7,4.9,2.6,0.7,0.5,0.27,0.6,0.1,3.6,0.574,1.0,0.654
1629642,Nassir Little,F-G,1610612757,POR,39,14.3,9.9,10.3,5.0,2.9,0.5,0.33,0.13,0.4,0.7,3.7,0.469,1.0,0.825
203090,Maurice Harkless,F-G,1610612758,SAC,25,17.6,9.9,11.0,4.3,2.0,0.9,0.48,0.64,0.5,0.6,3.4,0.442,0.8,0.762
1630185,Nico Mannion,G,1610612744,GSW,23,12.7,9.8,10.5,4.4,1.5,2.3,0.04,0.61,1.1,0.8,4.1,0.337,1.1,0.8
1627774,Jake Layman,F,1610612750,MIN,42,14.3,9.7,10.8,5.3,1.5,0.7,0.4,0.69,0.6,0.5,4.2,0.497,0.9,0.703
203953,Jabari Parker,F,1610612738,BOS,6,12.4,9.6,10.1,5.5,2.5,0.8,0.33,0.17,1.2,0.0,4.2,0.64,0.3,0.5
203585,Rodney McGruder,G,1610612765,DET,16,12.1,9.5,10.1,5.7,1.4,1.0,0.06,0.5,0.4,0.7,4.4,0.529,0.5,0.75
203118,Mike Scott,F,1610612755,PHI,40,17.6,9.5,10.2,4.5,2.6,0.7,0.18,0.53,0.5,1.1,4.2,0.375,0.3,0.667
1626169,Stanley Johnson,F-G,1610612761,TOR,50,14.6,9.4,10.5,3.4,2.3,1.2,0.32,0.76,0.8,0.6,2.9,0.395,0.6,0.828
204020,Tyler Johnson,G,1610612751,BKN,31,16.9,9.4,9.8,5.4,1.9,0.9,0.0,0.39,0.4,1.2,4.6,0.394,0.6,0.842
1630168,Onyeka Okongwu,F-C,1610612737,ATL,37,10.7,9.4,10.4,3.9,2.9,0.2,0.62,0.41,0.4,0.0,2.6,0.621,1.2,0.605
1629726,Garrison Mathews,G,1610612764,WAS,52,17.5,9.4,10.0,5.8,1.4,0.5,0.12,0.5,0.2,1.3,3.9,0.415,1.5,0.895
202083,Wesley Matthews,G,1610612747,LAL,49,19.6,9.3,10.3,4.6,1.6,0.9,0.31,0.65,0.4,1.1,4.3,0.335,0.7,0.857
202734,E'Twaun Moore,G,1610612756,PHX,24,14.5,9.3,10.0,4.3,1.8,1.5,0.17,0.58,0.8,0.3,4.3,0.422,0.4,0.8
1628400,Semi Ojeleye,F,1610612738,BOS,49,17.5,9.2,9.5,4.8,2.7,0.7,0.0,0.27,0.4,1.1,4.0,0.401,0.7,0.75
1628391,D.J. Wilson,F,1610612745,HOU,30,10.8,9.2,9.9,4.3,2.7,0.5,0.47,0.23,0.6,0.7,4.2,0.384,0.6,0.579
1628385,Harry Giles III,F-C,1610612757,POR,30,10.3,9.2,9.7,2.9,3.9,0.8,0.33,0.2,0.6,0.2,2.5,0.427,0.7,0.682
1630222,Mason Jones,G,1610612755,PHI,30,10.8,9.1,9.3,5.4,1.8,1.4,0.03,0.2,0.9,0.8,4.0,0.425,1.9,0.614
203918,Rodney Hood,G-F,1610612761,TOR,48,18.4,9.1,9.7,4.8,1.9,1.1,0.15,0.44,0.7,0.7,5.1,0.364,0.5,0.826
1630205,Lamar Stevens,F,1610612739,CLE,39,12.6,9.1,9.9,4.2,2.5,0.6,0.33,0.44,0.6,0.1,3.5,0.456,1.3,0.725
1629164,Brandon Goodwin,G,1610612737,ATL,40,12.5,9.1,9.5,4.7,1.4,1.8,0.0,0.35,0.7,0.7,4.4,0.384,0.9,0.629
202335,Patrick Patterson,F,1610612746,LAC,32,14.1,9.0,9.6,4.8,1.8,0.7,0.25,0.38,0.3,1.0,3.8,0.451,0.5,0.75
203121,Darius Miller,F,1610612760,OKC,18,10.9,9.0,10.0,4.1,1.3,1.2,0.28,0.72,0.4,0.9,2.7,0.458,0.7,1.0
203922,Glenn Robinson III,F,1610612758,SAC,23,16.1,9.0,9.3,5.3,2.0,0.9,0.13,0.17,0.5,0.7,4.3,0.424,1.0,0.913
1629617,Reggie Perry,F-C,1610612751,BKN,21,9.5,8.9,9.4,3.6,3.1,0.7,0.29,0.29,0.7,0.2,3.5,0.419,0.6,0.769
1629109,Gary Clark,F,1610612743,DEN,37,17.3,8.7,9.2,3.2,3.1,0.8,0.19,0.32,0.5,0.8,3.5,0.305,0.3,0.8
1629606,Robert Franks,F,1610612753,ORL,5,13.2,8.6,9.5,4.4,1.8,0.6,0.6,0.2,0.4,0.6,3.0,0.4,1.6,0.875
1629216,Gabe Vincent,G,1610612748,MIA,41,13.2,8.5,8.9,5.0,1.1,1.3,0.05,0.41,0.7,0.9,4.8,0.378,0.6,0.87
1629670,Jordan Nwora,F,1610612749,MIL,24,9.1,8.4,9.2,5.2,1.7,0.3,0.21,0.54,0.8,0.9,4.3,0.431,0.8,0.789
1627748,Thon Maker,F-C,1610612739,CLE,8,9.6,8.3,9.1,3.8,2.3,0.5,0.5,0.25,0.4,0.0,2.3,0.556,1.4,0.909
1628975,Jevon Carter,G,1610612756,PHX,47,11.1,8.2,8.8,3.8,1.5,1.1,0.17,0.43,0.2,0.9,3.4,0.424,0.1,0.5
1628990,Chandler Hutchison,F-G,1610612764,WAS,13,13.5,8.2,8.5,3.7,3.3,0.7,0.0,0.31,1.1,0.2,4.2,0.333,0.8,0.818
1629648,Jordan Bone,G,1610612753,ORL,14,14.0,8.1,8.2,4.0,1.7,1.3,0.0,0.14,0.2,0.7,3.9,0.426,0.0,0.0
1626143,Jahlil Okafor,C-F,1610612765,DET,19,11.0,7.9,8.2,4.4,2.1,0.6,0.16,0.16,0.5,0.1,3.3,0.597,0.5,0.8
1629635,Sekou Doumbouya,F,1610612765,DET,47,13.3,7.9,8.4,4.0,2.1,0.7,0.11,0.43,0.7,0.5,4.2,0.347,0.9,0.738
203648,Thanasis Antetokounmpo,F,1610612749,MIL,46,10.4,7.8,8.5,3.3,2.4,0.8,0.22,0.41,0.9,0.2,2.7,0.525,0.8,0.462
1630167,Obi Toppin,F,1610612752,NYK,50,11.1,7.8,8.3,3.9,2.3,0.5,0.22,0.24,0.4,0.4,3.3,0.482,0.4,0.727
1628436,Luke Kornet,F-C,1610612738,BOS,22,9.7,7.8,8.7,2.9,1.9,0.6,0.82,0.09,0.1,0.6,2.9,0.381,0.3,0.5
1629622,Max Strus,G-F,1610612748,MIA,31,12.2,7.6,7.9,5.5,0.8,0.5,0.03,0.19,0.2,1.2,4.3,0.455,0.5,0.647
1628778,Paul Watson,G,1610612761,TOR,27,11.0,7.4,7.7,4.1,1.7,0.6,0.11,0.22,0.3,1.1,3.0,0.463,0.3,0.625
101141,Ersan Ilyasova,F,1610612762,UTA,10,8.7,7.4,8.3,3.7,1.7,0.2,0.2,0.7,0.4,1.0,3.1,0.387,0.3,1.0
1629605,Tacko Fall,C,1610612738,BOS,15,6.7,7.4,8.2,2.7,2.5,0.1,0.8,0.07,0.3,0.0,1.6,0.75,0.9,0.308
1629750,Javonte Green,G-F,1610612741,CHI,31,12.2,7.4,8.2,3.5,1.9,0.4,0.13,0.65,0.5,0.2,2.5,0.513,1.0,0.688
1629962,Devin Cannady,G,1610612753,ORL,7,10.5,7.4,8.2,4.9,0.7,0.1,0.14,0.71,0.3,0.9,4.0,0.393,1.0,0.857
1629682,Tremont Waters,G,1610612738,BOS,17,7.3,7.4,8.0,2.9,0.6,2.1,0.0,0.65,0.8,0.4,2.4,0.366,0.8,0.929
1627853,Ryan Arcidiacono,G,1610612741,CHI,34,11.0,7.4,7.6,3.1,1.6,1.4,0.0,0.24,0.2,0.5,2.9,0.392,0.5,0.75
1629641,Romeo Langford,G-F,1610612738,BOS,10,15.9,7.3,8.0,2.4,2.3,0.8,0.3,0.4,0.5,0.3,3.1,0.29,0.3,1.0
1629076,Tyler Cook,F,1610612765,DET,21,12.0,7.3,7.5,3.6,2.6,0.5,0.0,0.24,0.7,0.0,2.6,0.6,0.9,0.474
1629740,Nicolo Melli,F,1610612742,DAL,33,12.1,7.3,7.7,2.3,2.5,1.0,0.06,0.33,0.3,0.4,2.8,0.297,0.3,0.9
1627745,Damian Jones,C,1610612758,SAC,26,10.3,7.3,8.0,3.1,2.3,0.3,0.58,0.19,0.5,0.0,1.6,0.707,1.2,0.733
203460,Andre Roberson,G-F,1610612751,BKN,5,12.6,7.2,8.0,1.2,3.0,0.8,0.2,0.6,0.4,0.2,2.8,0.143,0.4,0.5
1628995,Kevin Knox II,F,1610612752,NYK,38,11.9,7.2,7.7,4.2,1.6,0.5,0.16,0.29,0.4,0.9,3.6,0.399,0.5,0.778
1629603,Mamadi Diakite,F,1610612749,MIL,11,8.6,7.2,7.9,2.5,2.3,0.5,0.45,0.27,0.3,0.1,2.5,0.37,0.5,1.0
204038,Langston Galloway,G,1610612756,PHX,35,10.9,7.0,7.2,4.7,1.0,0.7,0.0,0.23,0.3,0.9,3.5,0.467,0.5,1.0
1629677,Luka Samanic,F,1610612759,SAS,26,9.4,6.9,7.4,3.3,2.0,0.5,0.23,0.27,0.6,0.3,3.0,0.423,0.9,0.478
1630233,Nathan Knight,F-C,1610612737,ATL,26,8.2,6.8,7.3,3.5,1.9,0.2,0.27,0.31,0.6,0.2,2.9,0.355,1.6,0.805
1630174,Aaron Nesmith,G-F,1610612738,BOS,33,12.6,6.7,7.2,3.3,2.1,0.3,0.18,0.27,0.5,0.7,3.0,0.374,0.5,0.688
203960,JaKarr Sampson,F,1610612754,IND,21,8.1,6.7,7.1,3.3,2.2,0.1,0.33,0.1,0.3,0.1,2.9,0.443,1.0,0.636
1628411,Wes Iwundu,F,1610612740,NOP,34,13.7,6.6,7.1,2.7,2.2,0.4,0.12,0.41,0.5,0.1,2.6,0.352,0.9,0.828
1629610,DaQuan Jeffries,G-F,1610612745,HOU,22,12.2,6.6,7.3,3.2,1.6,0.4,0.27,0.36,0.4,0.5,3.0,0.409,0.3,0.857
203086,Meyers Leonard,F-C,1610612748,MIA,3,9.8,6.5,6.5,3.3,2.3,0.7,0.0,0.0,0.7,1.0,2.3,0.429,0.7,0.5
1629681,Killian Tillie,F-C,1610612763,MEM,13,9.0,6.4,7.3,2.6,1.3,0.3,0.54,0.38,0.1,0.5,3.0,0.308,0.4,0.8
201229,Anthony Tolliver,F,1610612755,PHI,2,9.3,6.4,7.9,0.0,2.0,1.0,0.5,1.0,0.5,0.0,2.5,0.0,0.0,0.0
1628373,Frank Ntilikina,G,1610612752,NYK,24,10.9,6.3,7.0,3.1,1.0,0.6,0.08,0.63,0.4,0.8,2.7,0.369,0.7,0.5
1629035,Carsen Edwards,G,1610612738,BOS,23,8.8,6.3,6.6,4.3,0.9,0.4,0.04,0.22,0.2,0.6,3.7,0.464,0.4,0.778
1629644,KZ Okpala,F-G,1610612748,MIA,30,12.8,6.2,6.8,2.4,2.0,0.5,0.27,0.27,0.4,0.4,2.8,0.345,0.3,0.3
1630219,Skylar Mays,G,1610612737,ATL,27,7.4,6.2,6.7,3.3,1.0,0.8,0.0,0.44,0.3,0.4,2.6,0.394,0.9,0.88
1630194,Paul Reed,F,1610612755,PHI,18,6.4,6.2,6.9,2.6,1.8,0.3,0.39,0.28,0.4,0.0,2.6,0.489,0.2,0.25
204025,Tim Frazier,G,1610612763,MEM,3,10.8,6.1,6.4,1.3,1.3,2.3,0.0,0.33,1.0,0.0,2.7,0.25,0.0,0.0
1630237,Anthony Lamb,F,1610612745,HOU,13,10.5,6.0,6.2,2.3,2.4,0.4,0.15,0.08,0.2,0.4,3.2,0.244,0.5,0.833
203998,Bruno Caboclo,F,1610612745,HOU,6,6.1,5.9,6.2,2.8,2.3,0.2,0.33,0.0,0.7,0.0,2.8,0.471,0.3,0.5
1629620,Justin Robinson,G,1610612760,OKC,8,10.8,5.9,6.2,2.6,0.9,1.1,0.0,0.38,0.3,0.5,2.6,0.333,0.6,0.6
203658,Norvel Pelle,C,1610612752,NYK,8,7.1,5.8,6.7,2.0,1.9,0.1,0.75,0.13,0.4,0.0,1.5,0.5,0.8,0.667
1630221,Josh Hall,F,1610612760,OKC,14,12.4,5.8,5.8,2.6,2.0,1.3,0.0,0.0,1.1,0.1,3.2,0.2,2.1,0.586
1630192,Zeke Nnaji,F-C,1610612743,DEN,36,9.7,5.8,6.1,3.3,1.6,0.2,0.11,0.17,0.2,0.6,2.5,0.489,0.4,0.8
1630198,Isaiah Joe,G,1610612755,PHI,31,9.3,5.7,6.1,3.2,0.9,0.5,0.13,0.26,0.2,0.8,3.1,0.337,0.4,0.75
1628539,Mychal Mulder,G,1610612744,GSW,47,10.0,5.7,6.0,3.6,0.8,0.4,0.19,0.19,0.2,0.9,3.0,0.407,0.4,0.579
1629657,Kyle Guy,G,1610612758,SAC,22,6.9,5.6,5.8,2.9,1.0,0.9,0.0,0.18,0.2,0.5,2.6,0.379,0.5,0.833
1629067,Isaac Bonga,G,1610612764,WAS,36,11.3,5.6,6.1,2.1,1.8,0.6,0.22,0.28,0.5,0.3,2.1,0.387,0.2,0.625
1630271,Brodric Thomas,G,1610612739,CLE,19,8.6,5.6,6.2,2.7,0.9,0.7,0.26,0.37,0.6,0.3,2.6,0.286,1.2,0.783
1630182,Josh Green,G,1610612742,DAL,28,10.1,5.5,5.8,2.3,1.9,0.5,0.11,0.25,0.5,0.1,2.1,0.433,0.5,0.6
1626188,Quinn Cook,G,1610612739,CLE,23,6.8,5.5,5.7,3.3,0.7,0.8,0.04,0.17,0.3,0.5,3.0,0.426,0.3,0.875
1630241,Sam Merrill,G,1610612749,MIL,26,7.4,5.3,5.6,2.9,1.0,0.7,0.04,0.19,0.4,0.7,2.3,0.458,0.2,1.0
1628966,Keita Bates-Diop,F,1610612759,SAS,21,7.1,5.2,5.8,2.3,1.2,0.4,0.1,0.43,0.1,0.2,2.0,0.381,0.7,0.733
1629719,Devontae Cacok,F,1610612747,LAL,17,5.2,5.2,5.7,2.2,1.8,0.1,0.24,0.29,0.3,0.0,1.6,0.63,0.5,0.444
1629735,Chris Silva,F,1610612758,SAC,15,6.2,5.2,5.6,2.1,1.8,0.4,0.4,0.07,0.7,0.1,1.1,0.625,1.0,0.733
1628035,Alfonzo McKinnie,F,1610612747,LAL,34,6.5,5.0,5.2,3.0,1.4,0.2,0.0,0.15,0.1,0.4,2.2,0.52,0.5,0.529
1630176,Vernon Carey Jr.,F-C,1610612766,CHA,14,6.7,4.9,5.2,2.6,1.5,0.1,0.21,0.07,0.4,0.1,2.0,0.5,0.6,0.889
1629034,Ray Spalding,F,1610612745,HOU,2,9.4,4.9,5.9,2.0,2.0,0.0,1.0,0.0,1.5,0.0,2.0,0.5,1.0,0.0
1629599,Amir Coffey,G-F,1610612746,LAC,41,8.4,4.8,5.1,2.9,0.9,0.5,0.0,0.24,0.3,0.5,2.2,0.438,0.7,0.667
1629671,Miye Oni,G-F,1610612762,UTA,43,9.0,4.8,5.2,2.0,1.6,0.3,0.19,0.14,0.3,0.6,2.0,0.345,0.1,0.833
1629604,CJ Elleby,F-G,1610612757,POR,21,7.3,4.7,5.1,2.4,1.0,0.2,0.14,0.29,0.1,0.3,2.3,0.388,0.5,0.636
1626253,Axel Toupane,G-F,1610612749,MIL,8,7.7,4.7,5.3,1.8,0.8,0.5,0.38,0.25,0.0,0.1,1.4,0.364,0.9,0.714
1627780,Gary Payton II,G,1610612744,GSW,7,2.7,4.5,5.3,1.7,1.0,0.0,0.14,0.71,0.1,0.1,1.0,0.571,0.6,0.75
1628981,Bruno Fernando,F-C,1610612737,ATL,27,6.7,4.4,4.6,1.3,2.4,0.3,0.11,0.07,0.7,0.0,1.0,0.429,0.7,0.667
1629103,Kelan Martin,F,1610612754,IND,21,5.5,4.4,4.8,2.1,1.2,0.3,0.1,0.24,0.3,0.3,2.1,0.386,0.2,1.0
1629066,Rodions Kurucs,F,1610612749,MIL,20,6.0,4.3,4.9,1.5,1.2,0.5,0.2,0.45,0.6,0.3,1.6,0.344,0.1,0.5
1630253,Sean McDermott,F,1610612763,MEM,17,9.2,4.3,4.6,2.3,1.1,0.2,0.18,0.12,0.2,0.3,1.9,0.394,0.5,1.0
1629626,Bol Bol,C-F,1610612743,DEN,24,5.0,4.3,4.7,2.5,0.8,0.3,0.38,0.08,0.4,0.4,1.8,0.512,0.5,0.583
1629744,Matt Thomas,G,1610612762,UTA,35,7.5,4.2,4.3,2.7,0.9,0.4,0.0,0.09,0.3,0.6,2.7,0.358,0.2,0.857
1629117,Wenyen Gabriel,F,1610612740,NOP,10,6.1,4.1,4.3,1.4,1.8,0.6,0.1,0.1,0.8,0.2,1.4,0.286,0.7,0.571
1630216,Cassius Winston,G,1610612764,WAS,17,5.3,3.9,4.1,2.1,0.5,0.6,0.06,0.12,0.1,0.4,1.7,0.414,0.4,0.833
203263,James Nunnally,F,1610612740,NOP,3,7.8,3.9,3.9,2.7,1.3,0.0,0.0,0.0,0.3,0.7,2.3,0.429,0.0,0.0
1629714,Jarrell Brantley,F,1610612762,UTA,21,4.5,3.8,4.0,1.9,1.0,0.3,0.1,0.14,0.1,0.3,1.6,0.455,0.1,1.0
1629346,Alen Smailagic,F,1610612744,GSW,8,4.5,3.7,4.1,1.9,0.8,0.1,0.38,0.0,0.0,0.3,1.6,0.462,0.5,0.25
1630264,Anthony Gill,F,1610612764,WAS,18,5.3,3.7,4.0,1.1,1.5,0.2,0.11,0.22,0.2,0.1,1.2,0.333,0.3,0.8
1627775,Patrick McCaw,G,1610612761,TOR,5,6.7,3.7,4.1,1.0,0.6,0.8,0.0,0.4,0.0,0.0,0.2,1.0,0.6,1.0
1630203,Grant Riller,G,1610612766,CHA,4,4.9,3.6,3.9,2.3,0.0,0.8,0.0,0.25,0.3,0.3,1.8,0.571,0.0,0.0
1628427,Vlatko Cancar,F,1610612743,DEN,31,5.6,3.6,4.0,1.5,1.1,0.3,0.06,0.29,0.4,0.2,1.3,0.425,0.3,0.875
201162,Jared Dudley,F,1610612747,LAL,11,6.9,3.5,3.7,0.5,1.7,0.5,0.09,0.09,0.2,0.2,0.6,0.286,0.0,0.0
1630211,Karim Mane,G,1610612753,ORL,10,8.8,3.5,3.7,1.1,1.4,0.4,0.2,0.0,0.3,0.1,1.3,0.231,0.5,0.8
1629665,Jalen Lecque,G,1610612754,IND,4,3.0,3.5,3.5,1.3,1.3,0.5,0.0,0.0,0.0,0.0,2.3,0.111,0.8,1.0
1629716,Marques Bolden,C,1610612739,CLE,6,4.8,3.4,4.0,1.2,1.0,0.0,0.33,0.33,0.3,0.0,0.5,0.333,1.3,0.625
1630200,Tre Jones,G,1610612759,SAS,29,5.4,3.4,3.6,1.9,0.4,0.7,0.0,0.21,0.4,0.1,1.7,0.458,0.3,1.0
1630235,Trent Forrest,G,1610612762,UTA,18,6.0,3.3,3.6,1.0,0.4,1.1,0.06,0.22,0.4,0.0,1.1,0.4,0.1,1.0
1626245,Cristiano Felicio,F-C,1610612741,CHI,13,4.4,3.3,3.4,1.1,1.1,0.6,0.0,0.15,0.3,0.0,0.5,0.571,0.8,0.6
1629730,Rayjon Tucker,G,1610612755,PHI,10,3.4,3.2,3.3,1.6,0.8,0.4,0.0,0.1,0.2,0.1,0.7,0.429,1.0,0.9
1630179,Tyrell Terry,G,1610612742,DAL,11,5.1,3.2,3.7,1.0,0.5,0.5,0.0,0.45,0.2,0.0,1.5,0.313,0.3,0.333
1629713,Justin James,G-F,1610612758,SAC,26,5.8,3.2,3.4,1.8,0.4,0.6,0.04,0.12,0.2,0.2,1.6,0.429,0.5,0.417
1630187,Daniel Oturu,C,1610612746,LAC,23,4.1,3.2,3.4,1.4,1.0,0.3,0.13,0.04,0.2,0.0,1.1,0.538,0.3,0.625
1629752,Juwan Morgan,F,1610612762,UTA,23,4.9,3.1,3.3,1.2,1.0,0.3,0.0,0.17,0.1,0.1,1.0,0.5,0.3,0.429
1630218,Robert Woodard II,F,1610612758,SAC,11,2.6,3.1,3.3,1.6,1.0,0.0,0.18,0.0,0.1,0.1,1.3,0.5,0.7,0.375
1629738,Vincent Poirier,C-F,1610612755,PHI,10,3.9,3.0,3.3,0.8,1.4,0.2,0.3,0.0,0.4,0.0,1.2,0.25,0.6,0.333
1630186,Jahmi'us Ramsey,G,1610612758,SAC,5,3.4,2.9,3.1,1.4,0.8,0.2,0.2,0.0,0.2,0.2,1.0,0.6,0.0,0.0
1628962,Udoka Azubuike,C-F,1610612762,UTA,12,4.1,2.9,3.3,1.0,1.1,0.0,0.33,0.08,0.3,0.0,0.6,0.571,0.5,0.667
1629690,Adam Mokoka,G,1610612741,CHI,11,4.7,2.9,3.1,1.4,0.5,0.5,0.09,0.18,0.3,0.1,1.5,0.412,0.1,0.0
1627885,Shaquille Harrison,G,1610612743,DEN,20,4.5,2.9,3.2,1.3,0.5,0.6,0.0,0.25,0.3,0.0,1.4,0.357,0.4,0.857
1630190,Elijah Hughes,G,1610612762,UTA,13,3.6,2.9,3.0,1.9,0.5,0.3,0.08,0.08,0.5,0.5,1.7,0.364,0.3,0.75
1629007,Jontay Porter,C-F,1610612763,MEM,7,3.1,2.8,3.0,1.1,1.3,0.1,0.0,0.29,0.7,0.3,1.1,0.375,0.0,0.0
1630207,Nate Hinton,G-F,1610612742,DAL,14,3.4,2.8,3.1,1.5,0.4,0.3,0.07,0.29,0.3,0.1,1.4,0.4,0.4,0.667
1629662,Mfiondu Kabengele,F-C,1610612739,CLE,27,4.4,2.7,3.0,1.3,0.7,0.2,0.11,0.15,0.3,0.2,1.4,0.297,0.3,0.875
1630223,Jalen Harris,G,1610612761,TOR,4,3.5,2.7,2.9,0.8,0.8,0.5,0.0,0.25,0.3,0.3,1.0,0.25,0.0,0.0
1628961,Kostas Antetokounmpo,F,1610612747,LAL,14,3.8,2.7,3.2,0.9,1.4,0.1,0.29,0.14,0.7,0.0,0.7,0.3,0.9,0.462
1628414,Sindarius Thornwell,G,1610612740,NOP,14,5.2,2.6,3.1,1.2,0.4,0.3,0.07,0.36,0.3,0.2,1.5,0.333,0.1,0.0
1630189,Tyler Bey,F,1610612742,DAL,11,3.5,2.6,2.7,0.9,1.2,0.1,0.09,0.0,0.0,0.0,1.1,0.333,0.4,0.5
1630188,Jalen Smith,F-C,1610612756,PHX,20,4.4,2.6,2.7,1.3,1.0,0.1,0.1,0.05,0.3,0.1,1.5,0.379,0.2,0.333
1629653,Devon Dotson,G,1610612741,CHI,6,3.6,2.4,2.6,1.0,0.5,0.3,0.0,0.17,0.0,0.0,1.2,0.429,0.0,0.0
1629683,Quinndary Weatherspoon,G,1610612759,SAS,17,4.5,2.4,2.9,1.1,0.4,0.3,0.12,0.35,0.5,0.0,0.9,0.375,0.5,0.875
1630238,Malik Fitts,F,1610612746,LAC,3,3.6,2.2,2.2,1.0,1.0,0.0,0.0,0.0,0.0,0.3,1.0,0.333,0.0,0.0
1630268,Nate Darling,G,1610612766,CHA,6,4.0,2.1,2.3,1.5,0.2,0.2,0.17,0.0,0.2,0.3,1.2,0.286,0.5,1.0
1630199,Cassius Stanley,G,1610612754,IND,16,2.6,2.1,2.2,1.1,0.7,0.0,0.13,0.0,0.1,0.1,1.4,0.273,0.3,0.8
202697,Iman Shumpert,G,1610612751,BKN,2,5.5,2.1,2.6,1.0,0.5,0.0,0.0,0.5,0.5,0.0,2.0,0.25,0.0,0.0
1630210,Markus Howard,G,1610612743,DEN,27,3.3,2.0,2.1,1.0,0.4,0.4,0.0,0.07,0.2,0.2,1.7,0.239,0.1,0.5
1629686,Deividas Sirvydis,F-G,1610612765,DET,14,2.7,2.0,2.1,1.2,0.6,0.1,0.0,0.07,0.2,0.3,1.2,0.294,0.3,0.75
1630234,Ty-Shon Alexander,G,1610612756,PHX,9,3.2,1.6,1.7,0.7,0.6,0.1,0.11,0.0,0.1,0.1,1.1,0.2,0.2,0.5
1630208,Nick Richards,C,1610612766,CHA,16,3.7,1.6,1.6,0.9,0.6,0.1,0.0,0.0,0.2,0.0,0.4,0.571,0.7,0.636
1629649,Ignas Brazdeikis,F,1610612755,PHI,5,3.0,1.5,1.5,0.4,0.8,0.2,0.0,0.0,0.2,0.0,0.8,0.0,0.4,1.0
1629833,Keljin Blevins,G,1610612757,POR,10,5.1,1.3,1.5,0.4,0.2,0.4,0.0,0.2,0.3,0.0,1.4,0.143,0.0,0.0
1629121,Jaylen Adams,G,1610612749,MIL,7,2.6,1.2,1.2,0.3,0.4,0.3,0.0,0.0,0.0,0.0,1.1,0.125,0.0,0.0
1628968,Brian Bowen II,F-G,1610612754,IND,6,2.5,1.1,1.1,0.5,0.5,0.0,0.0,0.0,0.0,0.0,0.7,0.25,0.2,1.0
1629244,Cameron Reynolds,F,1610612759,SAS,3,2.1,0.7,0.7,0.7,0.0,0.0,0.0,0.0,0.0,0.0,0.7,0.5,0.0,0.0
1629033,Theo Pinson,G-F,1610612752,NYK,14,2.2,0.4,0.4,0.1,0.1,0.1,0.0,0.0,0.1,0.0,0.6,0.111,0.0,0.0
1628390,Terrance Ferguson,G,1610612755,PHI,13,3.8,0.3,0.4,0.2,0.1,0.2,0.0,0.08,0.3,0.0,0.5,0.143,0.0,0.0
203943,Noah Vonleh,F,1610612751,BKN,4,2.7,0.2,0.2,0.0,0.3,0.3,0.0,0.0,0.5,0.0,0.8,0.0,0.0,0.0
204222,Greg Whittington,F,1610612743,DEN,4,3.0,0.0,0.0,0.0,0.0,0.0,0.0,0.0,0.0,0.0,0.8,0.0,0.0,0.0
1629607,Jared Harper,G,1610612752,NYK,4,2.3,0.0,0.0,0.5,0.0,0.0,0.0,0.0,0.5,0.0,0.5,0.0,0.5,1.0
1630204,Ashton Hagans,G-F,1610612750,MIN,2,2.0,-0.5,-0.5,0.0,0.0,0.0,0.0,0.0,0.5,0.0,0.0,0.0,0.0,0.0
1630266,Will Magnay,C,1610612740,NOP,1,3.3,-1.0,-1.0,0.0,0.0,0.0,0.0,0.0,1.0,0.0,1.0,0.0,0.0,0.0
1628394,Anzejs Pasecniks,C-F,1610612764,WAS,1,6.3,-2.2,-2.3,0.0,1.0,1.0,0.0,0.0,5.0,0.0,1.0,0.0,0.0,0.0
